,player,squad,variable,value,Unnamed: 0,index,club_name,player_name,age,position,club_involved_name,fee,transfer_movement,transfer_period,fee_cleaned,league_name,year,season,player_id
0,Cristiano Ronaldo,Manchester Utd,goals,0.782608695652174,130,22588,Manchester United,Cristiano Ronaldo,36.0,Centre-Forward,Juventus,€15.00m,in,Summer,15.0,Premier League,2021,2021/2022,58
1,Cristiano Ronaldo,Manchester Utd,gca,0.36,130,22588,Manchester United,Cristiano Ronaldo,36.0,Centre-Forward,Juventus,€15.00m,in,Summer,15.0,Premier League,2021,2021/2022,58
2,Cristiano Ronaldo,Manchester Utd,sca,0.5066666666666667,130,22588,Manchester United,Cristiano Ronaldo,36.0,Centre-Forward,Juventus,€15.00m,in,Summer,15.0,Premier League,2021,2021/2022,58
3,Cristiano Ronaldo,Manchester Utd,passes_under_pressure,0.3771551724137931,130,22588,Manchester United,Cristiano Ronaldo,36.0,Centre-Forward,Juventus,€15.00m,in,Summer,15.0,Premier League,2021,2021/2022,58
4,Cristiano Ronaldo,Manchester Utd,touches,0.31879375336564353,130,22588,Manchester United,Cristiano Ronaldo,36.0,Centre-Forward,Juventus,€15.00m,in,Summer,15.0,Premier League,2021,2021/2022,58
5,Danny Ings,Aston Villa,goals,0.30434782608695654,98,22317,Aston Villa,Danny Ings,29.0,Centre-Forward,Southampton,€29.42m,in,Summer,29.42,Premier League,2021,2021/2022,82
6,Danny Ings,Aston Villa,assists,0.46153846153846156,98,22317,Aston Villa,Danny Ings,29.0,Centre-Forward,Southampton,€29.42m,in,Summer,29.42,Premier League,2021,2021/2022,82
7,Danny Ings,Aston Villa,gca,0.32,98,22317,Aston Villa,Danny Ings,29.0,Centre-Forward,Southampton,€29.42m,in,Summer,29.42,Premier League,2021,2021/2022,82
8,Danny Ings,Aston Villa,pressures,0.40271493212669685,98,22317,Aston Villa,Danny Ings,29.0,Centre-Forward,Southampton,€29.42m,in,Summer,29.42,Premier League,2021,2021/2022,82
9,Danny Ings,Aston Villa,tot_def,0.24888888888888888,98,22317,Aston Villa,Danny Ings,29.0,Centre-Forward,Southampton,€29.42m,in,Summer,29.42,Premier League,2021,2021/2022,82
10,Maxwel Cornet,Burnley,goals,0.391304347826087,108,22400,Burnley FC,Maxwel Cornet,24.0,Left Winger,Olympique Lyon,€15.00m,in,Summer,15.0,Premier League,2021,2021/2022,58
11,Maxwel Cornet,Burnley,gca,0.24,108,22400,Burnley FC,Maxwel Cornet,24.0,Left Winger,Olympique Lyon,€15.00m,in,Summer,15.0,Premier League,2021,2021/2022,58
12,Maxwel Cornet,Burnley,passes_under_pressure,0.2543103448275862,108,22400,Burnley FC,Maxwel Cornet,24.0,Left Winger,Olympique Lyon,€15.00m,in,Summer,15.0,Premier League,2021,2021/2022,58
13,Maxwel Cornet,Burnley,pressures,0.38009049773755654,108,22400,Burnley FC,Maxwel Cornet,24.0,Left Winger,Olympique Lyon,€15.00m,in,Summer,15.0,Premier League,2021,2021/2022,58
14,Maxwel Cornet,Burnley,aerial_won,0.23391812865497075,108,22400,Burnley FC,Maxwel Cornet,24.0,Left Winger,Olympique Lyon,€15.00m,in,Summer,15.0,Premier League,2021,2021/2022,58
15,Patson Daka,Leicester City,goals,0.21739130434782608,123,22519,Leicester City,Patson Daka,22.0,Centre-Forward,RB Salzburg,€30.00m,in,Summer,30.0,Premier League,2021,2021/2022,85
16,Patson Daka,Leicester City,assists,0.23076923076923078,123,22519,Leicester City,Patson Daka,22.0,Centre-Forward,RB Salzburg,€30.00m,in,Summer,30.0,Premier League,2021,2021/2022,85
17,Patson Daka,Leicester City,gca,0.28,123,22519,Leicester City,Patson Daka,22.0,Centre-Forward,RB Salzburg,€30.00m,in,Summer,30.0,Premier League,2021,2021/2022,85
18,Patson Daka,Leicester City,sca,0.16,123,22519,Leicester City,Patson Daka,22.0,Centre-Forward,RB Salzburg,€30.00m,in,Summer,30.0,Premier League,2021,2021/2022,85
19,Patson Daka,Leicester City,pressures,0.34841628959276016,123,22519,Leicester City,Patson Daka,22.0,Centre-Forward,RB Salzburg,€30.00m,in,Summer,30.0,Premier League,2021,2021/2022,85
20,Romelu Lukaku,Chelsea,goals,0.34782608695652173,111,22411,Chelsea FC,Romelu Lukaku,28.0,Centre-Forward,Inter,€113.00m,in,Summer,113.0,Premier League,2021,2021/2022,98
21,Romelu Lukaku,Chelsea,sca,0.29333333333333333,111,22411,Chelsea FC,Romelu Lukaku,28.0,Centre-Forward,Inter,€113.00m,in,Summer,113.0,Premier League,2021,2021/2022,98
22,Romelu Lukaku,Chelsea,passes_under_pressure,0.25646551724137934,111,22411,Chelsea FC,Romelu Lukaku,28.0,Centre-Forward,Inter,€113.00m,in,Summer,113.0,Premier League,2021,2021/2022,98
23,Romelu Lukaku,Chelsea,pressures,0.248868778280543,111,22411,Chelsea FC,Romelu Lukaku,28.0,Centre-Forward,Inter,€113.00m,in,Summer,113.0,Premier League,2021,2021/2022,98
24,Romelu Lukaku,Chelsea,aerial_won,0.2807017543859649,111,22411,Chelsea FC,Romelu Lukaku,28.0,Centre-Forward,Inter,€113.00m,in,Summer,113.0,Premier League,2021,2021/2022,98
25,Yoane Wissa,Brentford,goals,0.30434782608695654,100,22341,Brentford FC,Yoane Wissa,24.0,Left Winger,FC Lorient,€10.00m,in,Summer,10.0,Premier League,2021,2021/2022,45
26,Yoane Wissa,Brentford,gca,0.16,100,22341,Brentford FC,Yoane Wissa,24.0,Left Winger,FC Lorient,€10.00m,in,Summer,10.0,Premier League,2021,2021/2022,45
27,Yoane Wissa,Brentford,pressures,0.24434389140271492,100,22341,Brentford FC,Yoane Wissa,24.0,Left Winger,FC Lorient,€10.00m,in,Summer,10.0,Premier League,2021,2021/2022,45
28,Yoane Wissa,Brentford,tot_def,0.14666666666666667,100,22341,Brentford FC,Yoane Wissa,24.0,Left Winger,FC Lorient,€10.00m,in,Summer,10.0,Premier League,2021,2021/2022,45
29,Yoane Wissa,Brentford,aerial_won,0.15204678362573099,100,22341,Brentford FC,Yoane Wissa,24.0,Left Winger,FC Lorient,€10.00m,in,Summer,10.0,Premier League,2021,2021/2022,45
30,Adam Armstrong,Southampton,assists,0.15384615384615385,141,22676,Southampton FC,Adam Armstrong,24.0,Centre-Forward,Blackburn,€17.70m,in,Summer,17.7,Premier League,2021,2021/2022,69
31,Adam Armstrong,Southampton,sca,0.19333333333333333,141,22676,Southampton FC,Adam Armstrong,24.0,Centre-Forward,Blackburn,€17.70m,in,Summer,17.7,Premier League,2021,2021/2022,69
32,Adam Armstrong,Southampton,passes_under_pressure,0.1400862068965517,141,22676,Southampton FC,Adam Armstrong,24.0,Centre-Forward,Blackburn,€17.70m,in,Summer,17.7,Premier League,2021,2021/2022,69
33,Adam Armstrong,Southampton,passes_crosses,0.1732283464566929,141,22676,Southampton FC,Adam Armstrong,24.0,Centre-Forward,Blackburn,€17.70m,in,Summer,17.7,Premier League,2021,2021/2022,69
34,Adam Armstrong,Southampton,pressures,0.2895927601809955,141,22676,Southampton FC,Adam Armstrong,24.0,Centre-Forward,Blackburn,€17.70m,in,Summer,17.7,Premier League,2021,2021/2022,69
35,Daniel James,Leeds United,assists,0.3076923076923077,119,22495,Leeds United,Daniel James,23.0,Right Winger,Man Utd,€29.10m,in,Summer,29.1,Premier League,2021,2021/2022,80
36,Daniel James,Leeds United,sca,0.35333333333333333,119,22495,Leeds United,Daniel James,23.0,Right Winger,Man Utd,€29.10m,in,Summer,29.1,Premier League,2021,2021/2022,80
37,Daniel James,Leeds United,passes_crosses,0.3464566929133858,119,22495,Leeds United,Daniel James,23.0,Right Winger,Man Utd,€29.10m,in,Summer,29.1,Premier League,2021,2021/2022,80
38,Daniel James,Leeds United,pressures,0.6742081447963801,119,22495,Leeds United,Daniel James,23.0,Right Winger,Man Utd,€29.10m,in,Summer,29.1,Premier League,2021,2021/2022,80
39,Daniel James,Leeds United,tot_def,0.26666666666666666,119,22495,Leeds United,Daniel James,23.0,Right Winger,Man Utd,€29.10m,in,Summer,29.1,Premier League,2021,2021/2022,80
40,Emmanuel Dennis,Watford,assists,0.46153846153846156,149,22722,Watford FC,Emmanuel Dennis,23.0,Centre-Forward,Club Brugge,€4.00m,in,Summer,4.0,Premier League,2021,2021/2022,22
41,Emmanuel Dennis,Watford,gca,0.48,149,22722,Watford FC,Emmanuel Dennis,23.0,Centre-Forward,Club Brugge,€4.00m,in,Summer,4.0,Premier League,2021,2021/2022,22
42,Emmanuel Dennis,Watford,sca,0.6066666666666667,149,22722,Watford FC,Emmanuel Dennis,23.0,Centre-Forward,Club Brugge,€4.00m,in,Summer,4.0,Premier League,2021,2021/2022,22
43,Emmanuel Dennis,Watford,pressures,0.6606334841628959,149,22722,Watford FC,Emmanuel Dennis,23.0,Centre-Forward,Club Brugge,€4.00m,in,Summer,4.0,Premier League,2021,2021/2022,22
44,Emmanuel Dennis,Watford,dribble_success,0.5214285714285715,149,22722,Watford FC,Emmanuel Dennis,23.0,Centre-Forward,Club Brugge,€4.00m,in,Summer,4.0,Premier League,2021,2021/2022,22
45,Enock Mwepu,Brighton,assists,0.3076923076923077,103,22361,Brighton & Hove Albion,Enock Mwepu,23.0,Central Midfield,RB Salzburg,€23.00m,in,Summer,23.0,Premier League,2021,2021/2022,74
46,Enock Mwepu,Brighton,gca,0.28,103,22361,Brighton & Hove Albion,Enock Mwepu,23.0,Central Midfield,RB Salzburg,€23.00m,in,Summer,23.0,Premier League,2021,2021/2022,74
47,Enock Mwepu,Brighton,passes_under_pressure,0.18318965517241378,103,22361,Brighton & Hove Albion,Enock Mwepu,23.0,Central Midfield,RB Salzburg,€23.00m,in,Summer,23.0,Premier League,2021,2021/2022,74
48,Enock Mwepu,Brighton,pressures,0.2579185520361991,103,22361,Brighton & Hove Albion,Enock Mwepu,23.0,Central Midfield,RB Salzburg,€23.00m,in,Summer,23.0,Premier League,2021,2021/2022,74
49,Enock Mwepu,Brighton,tot_def,0.24,103,22361,Brighton & Hove Albion,Enock Mwepu,23.0,Central Midfield,RB Salzburg,€23.00m,in,Summer,23.0,Premier League,2021,2021/2022,74
50,Leon Bailey,Aston Villa,assists,0.15384615384615385,97,22316,Aston Villa,Leon Bailey,23.0,Left Winger,Bay. Leverkusen,€32.00m,in,Summer,32.0,Premier League,2021,2021/2022,88
51,Leon Bailey,Aston Villa,sca,0.14,97,22316,Aston Villa,Leon Bailey,23.0,Left Winger,Bay. Leverkusen,€32.00m,in,Summer,32.0,Premier League,2021,2021/2022,88
52,Leon Bailey,Aston Villa,passes_crosses,0.16535433070866143,97,22316,Aston Villa,Leon Bailey,23.0,Left Winger,Bay. Leverkusen,€32.00m,in,Summer,32.0,Premier League,2021,2021/2022,88
53,Leon Bailey,Aston Villa,pressures,0.2171945701357466,97,22316,Aston Villa,Leon Bailey,23.0,Left Winger,Bay. Leverkusen,€32.00m,in,Summer,32.0,Premier League,2021,2021/2022,88
54,Leon Bailey,Aston Villa,tot_def,0.12444444444444444,97,22316,Aston Villa,Leon Bailey,23.0,Left Winger,Bay. Leverkusen,€32.00m,in,Summer,32.0,Premier League,2021,2021/2022,88
55,Michael Olise,Crystal Palace,assists,0.38461538461538464,116,22455,Crystal Palace,Michael Olise,19.0,Right Midfield,Reading,€9.30m,in,Summer,9.3,Premier League,2021,2021/2022,41
56,Michael Olise,Crystal Palace,gca,0.28,116,22455,Crystal Palace,Michael Olise,19.0,Right Midfield,Reading,€9.30m,in,Summer,9.3,Premier League,2021,2021/2022,41
57,Michael Olise,Crystal Palace,passes_crosses,0.3779527559055118,116,22455,Crystal Palace,Michael Olise,19.0,Right Midfield,Reading,€9.30m,in,Summer,9.3,Premier League,2021,2021/2022,41
58,Michael Olise,Crystal Palace,passes_key,0.2696629213483146,116,22455,Crystal Palace,Michael Olise,19.0,Right Midfield,Reading,€9.30m,in,Summer,9.3,Premier League,2021,2021/2022,41
59,Michael Olise,Crystal Palace,pressures,0.31221719457013575,116,22455,Crystal Palace,Michael Olise,19.0,Right Midfield,Reading,€9.30m,in,Summer,9.3,Premier League,2021,2021/2022,41
60,Albert Sambi Lokonga,Arsenal,sca,0.22666666666666666,94,22296,Arsenal FC,Albert Sambi Lokonga,21.0,Central Midfield,RSC Anderlecht,€17.50m,in,Summer,17.5,Premier League,2021,2021/2022,66
61,Albert Sambi Lokonga,Arsenal,passes_under_pressure,0.25,94,22296,Arsenal FC,Albert Sambi Lokonga,21.0,Central Midfield,RSC Anderlecht,€17.50m,in,Summer,17.5,Premier League,2021,2021/2022,66
62,Albert Sambi Lokonga,Arsenal,passes_progressive,0.21942446043165467,94,22296,Arsenal FC,Albert Sambi Lokonga,21.0,Central Midfield,RSC Anderlecht,€17.50m,in,Summer,17.5,Premier League,2021,2021/2022,66
63,Albert Sambi Lokonga,Arsenal,tot_def,0.24,94,22296,Arsenal FC,Albert Sambi Lokonga,21.0,Central Midfield,RSC Anderlecht,€17.50m,in,Summer,17.5,Premier League,2021,2021/2022,66
64,Albert Sambi Lokonga,Arsenal,touches,0.25040387722132473,94,22296,Arsenal FC,Albert Sambi Lokonga,21.0,Central Midfield,RSC Anderlecht,€17.50m,in,Summer,17.5,Premier League,2021,2021/2022,66
65,Christos Tzolis,Norwich City,sca,0.07333333333333333,132,22626,Norwich City,Christos Tzolis,19.0,Left Winger,PAOK Salonika,€11.00m,in,Summer,11.0,Premier League,2021,2021/2022,49
66,Christos Tzolis,Norwich City,passes_under_pressure,0.09267241379310345,132,22626,Norwich City,Christos Tzolis,19.0,Left Winger,PAOK Salonika,€11.00m,in,Summer,11.0,Premier League,2021,2021/2022,49
67,Christos Tzolis,Norwich City,passes_crosses,0.07086614173228346,132,22626,Norwich City,Christos Tzolis,19.0,Left Winger,PAOK Salonika,€11.00m,in,Summer,11.0,Premier League,2021,2021/2022,49
68,Christos Tzolis,Norwich City,passes_key,0.0898876404494382,132,22626,Norwich City,Christos Tzolis,19.0,Left Winger,PAOK Salonika,€11.00m,in,Summer,11.0,Premier League,2021,2021/2022,49
69,Christos Tzolis,Norwich City,pressures,0.06334841628959276,132,22626,Norwich City,Christos Tzolis,19.0,Left Winger,PAOK Salonika,€11.00m,in,Summer,11.0,Premier League,2021,2021/2022,49
70,Demarai Gray,Everton,sca,0.5533333333333333,118,22474,Everton FC,Demarai Gray,25.0,Left Winger,Bay. Leverkusen,€2.00m,in,Summer,2.0,Premier League,2021,2021/2022,10
71,Demarai Gray,Everton,passes_under_pressure,0.33620689655172414,118,22474,Everton FC,Demarai Gray,25.0,Left Winger,Bay. Leverkusen,€2.00m,in,Summer,2.0,Premier League,2021,2021/2022,10
72,Demarai Gray,Everton,passes_crosses,0.44881889763779526,118,22474,Everton FC,Demarai Gray,25.0,Left Winger,Bay. Leverkusen,€2.00m,in,Summer,2.0,Premier League,2021,2021/2022,10
73,Demarai Gray,Everton,passes_key,0.4606741573033708,118,22474,Everton FC,Demarai Gray,25.0,Left Winger,Bay. Leverkusen,€2.00m,in,Summer,2.0,Premier League,2021,2021/2022,10
74,Demarai Gray,Everton,pressures,0.49321266968325794,118,22474,Everton FC,Demarai Gray,25.0,Left Winger,Bay. Leverkusen,€2.00m,in,Summer,2.0,Premier League,2021,2021/2022,10
75,Francisco Trincão,Wolves,sca,0.26,160,22783,Wolverhampton Wanderers,Francisco Trincão,21.0,Right Winger,Barcelona,Loan fee:€6.00m,in,Summer,6.0,Premier League,2021,2021/2022,33
76,Francisco Trincão,Wolves,passes_under_pressure,0.19827586206896552,160,22783,Wolverhampton Wanderers,Francisco Trincão,21.0,Right Winger,Barcelona,Loan fee:€6.00m,in,Summer,6.0,Premier League,2021,2021/2022,33
77,Francisco Trincão,Wolves,pressures,0.4253393665158371,160,22783,Wolverhampton Wanderers,Francisco Trincão,21.0,Right Winger,Barcelona,Loan fee:€6.00m,in,Summer,6.0,Premier League,2021,2021/2022,33
78,Francisco Trincão,Wolves,tot_def,0.22666666666666666,160,22783,Wolverhampton Wanderers,Francisco Trincão,21.0,Right Winger,Barcelona,Loan fee:€6.00m,in,Summer,6.0,Premier League,2021,2021/2022,33
79,Francisco Trincão,Wolves,dribble_success,0.3142857142857143,160,22783,Wolverhampton Wanderers,Francisco Trincão,21.0,Right Winger,Barcelona,Loan fee:€6.00m,in,Summer,6.0,Premier League,2021,2021/2022,33
80,Frank Onyeka,Brentford,sca,0.11333333333333333,101,22342,Brentford FC,Frank Onyeka,23.0,Central Midfield,FC Midtjylland,€10.00m,in,Summer,10.0,Premier League,2021,2021/2022,45
81,Frank Onyeka,Brentford,passes_under_pressure,0.1314655172413793,101,22342,Brentford FC,Frank Onyeka,23.0,Central Midfield,FC Midtjylland,€10.00m,in,Summer,10.0,Premier League,2021,2021/2022,45
82,Frank Onyeka,Brentford,pressures,0.31221719457013575,101,22342,Brentford FC,Frank Onyeka,23.0,Central Midfield,FC Midtjylland,€10.00m,in,Summer,10.0,Premier League,2021,2021/2022,45
83,Frank Onyeka,Brentford,tot_def,0.22666666666666666,101,22342,Brentford FC,Frank Onyeka,23.0,Central Midfield,FC Midtjylland,€10.00m,in,Summer,10.0,Premier League,2021,2021/2022,45
84,Frank Onyeka,Brentford,touches,0.12627894453419494,101,22342,Brentford FC,Frank Onyeka,23.0,Central Midfield,FC Midtjylland,€10.00m,in,Summer,10.0,Premier League,2021,2021/2022,45
85,Jack Grealish,Manchester City,sca,0.7333333333333333,127,22556,Manchester City,Jack Grealish,25.0,Left Winger,Aston Villa,€117.50m,in,Summer,117.5,Premier League,2021,2021/2022,99
86,Jack Grealish,Manchester City,passes_under_pressure,0.40948275862068967,127,22556,Manchester City,Jack Grealish,25.0,Left Winger,Aston Villa,€117.50m,in,Summer,117.5,Premier League,2021,2021/2022,99
87,Jack Grealish,Manchester City,passes_key,0.6067415730337079,127,22556,Manchester City,Jack Grealish,25.0,Left Winger,Aston Villa,€117.50m,in,Summer,117.5,Premier League,2021,2021/2022,99
88,Jack Grealish,Manchester City,pressures,0.4751131221719457,127,22556,Manchester City,Jack Grealish,25.0,Left Winger,Aston Villa,€117.50m,in,Summer,117.5,Premier League,2021,2021/2022,99
89,Jack Grealish,Manchester City,touches,0.32740980075390413,127,22556,Manchester City,Jack Grealish,25.0,Left Winger,Aston Villa,€117.50m,in,Summer,117.5,Premier League,2021,2021/2022,99
90,Jack Harrison,Leeds United,sca,0.5266666666666666,121,22497,Leeds United,Jack Harrison,24.0,Left Winger,Man City,€12.80m,in,Summer,12.8,Premier League,2021,2021/2022,54
91,Jack Harrison,Leeds United,passes_under_pressure,0.46336206896551724,121,22497,Leeds United,Jack Harrison,24.0,Left Winger,Man City,€12.80m,in,Summer,12.8,Premier League,2021,2021/2022,54
92,Jack Harrison,Leeds United,passes_crosses,0.7244094488188977,121,22497,Leeds United,Jack Harrison,24.0,Left Winger,Man City,€12.80m,in,Summer,12.8,Premier League,2021,2021/2022,54
93,Jack Harrison,Leeds United,pressures,0.7601809954751131,121,22497,Leeds United,Jack Harrison,24.0,Left Winger,Man City,€12.80m,in,Summer,12.8,Premier League,2021,2021/2022,54
94,Jack Harrison,Leeds United,tot_def,0.56,121,22497,Leeds United,Jack Harrison,24.0,Left Winger,Man City,€12.80m,in,Summer,12.8,Premier League,2021,2021/2022,54
95,Jadon Sancho,Manchester Utd,sca,0.5466666666666666,128,22586,Manchester United,Jadon Sancho,21.0,Left Winger,Bor. Dortmund,€85.00m,in,Summer,85.0,Premier League,2021,2021/2022,97
96,Jadon Sancho,Manchester Utd,passes_under_pressure,0.3620689655172414,128,22586,Manchester United,Jadon Sancho,21.0,Left Winger,Bor. Dortmund,€85.00m,in,Summer,85.0,Premier League,2021,2021/2022,97
97,Jadon Sancho,Manchester Utd,passes_key,0.4606741573033708,128,22586,Manchester United,Jadon Sancho,21.0,Left Winger,Bor. Dortmund,€85.00m,in,Summer,85.0,Premier League,2021,2021/2022,97
98,Jadon Sancho,Manchester Utd,dribble_success,0.34285714285714286,128,22586,Manchester United,Jadon Sancho,21.0,Left Winger,Bor. Dortmund,€85.00m,in,Summer,85.0,Premier League,2021,2021/2022,97
99,Jadon Sancho,Manchester Utd,touches,0.3209477652127087,128,22586,Manchester United,Jadon Sancho,21.0,Left Winger,Bor. Dortmund,€85.00m,in,Summer,85.0,Premier League,2021,2021/2022,97
100,Joe Willock,Newcastle Utd,sca,0.30666666666666664,131,22613,Newcastle United,Joe Willock,21.0,Central Midfield,Arsenal,€29.40m,in,Summer,29.4,Premier League,2021,2021/2022,81
101,Joe Willock,Newcastle Utd,passes_under_pressure,0.2521551724137931,131,22613,Newcastle United,Joe Willock,21.0,Central Midfield,Arsenal,€29.40m,in,Summer,29.4,Premier League,2021,2021/2022,81
102,Joe Willock,Newcastle Utd,pressures,0.5339366515837104,131,22613,Newcastle United,Joe Willock,21.0,Central Midfield,Arsenal,€29.40m,in,Summer,29.4,Premier League,2021,2021/2022,81
103,Joe Willock,Newcastle Utd,tot_def,0.49777777777777776,131,22613,Newcastle United,Joe Willock,21.0,Central Midfield,Arsenal,€29.40m,in,Summer,29.4,Premier League,2021,2021/2022,81
104,Joe Willock,Newcastle Utd,touches,0.22670974690360796,131,22613,Newcastle United,Joe Willock,21.0,Central Midfield,Arsenal,€29.40m,in,Summer,29.4,Premier League,2021,2021/2022,81
105,Junior Firpo,Leeds United,sca,0.2866666666666667,120,22496,Leeds United,Junior Firpo,24.0,Left-Back,Barcelona,€15.00m,in,Summer,15.0,Premier League,2021,2021/2022,58
106,Junior Firpo,Leeds United,passes_under_pressure,0.28663793103448276,120,22496,Leeds United,Junior Firpo,24.0,Left-Back,Barcelona,€15.00m,in,Summer,15.0,Premier League,2021,2021/2022,58
107,Junior Firpo,Leeds United,pressures,0.4660633484162896,120,22496,Leeds United,Junior Firpo,24.0,Left-Back,Barcelona,€15.00m,in,Summer,15.0,Premier League,2021,2021/2022,58
108,Junior Firpo,Leeds United,tot_def,0.48,120,22496,Leeds United,Junior Firpo,24.0,Left-Back,Barcelona,€15.00m,in,Summer,15.0,Premier League,2021,2021/2022,58
109,Junior Firpo,Leeds United,touches,0.31260096930533116,120,22496,Leeds United,Junior Firpo,24.0,Left-Back,Barcelona,€15.00m,in,Summer,15.0,Premier League,2021,2021/2022,58
110,Martin Ødegaard,Arsenal,sca,0.8933333333333333,91,22293,Arsenal FC,Martin Ødegaard,22.0,Attacking Midfield,Real Madrid,€35.00m,in,Summer,35.0,Premier League,2021,2021/2022,89
111,Martin Ødegaard,Arsenal,passes_under_pressure,0.5323275862068966,91,22293,Arsenal FC,Martin Ødegaard,22.0,Attacking Midfield,Real Madrid,€35.00m,in,Summer,35.0,Premier League,2021,2021/2022,89
112,Martin Ødegaard,Arsenal,passes_progressive,0.5683453237410072,91,22293,Arsenal FC,Martin Ødegaard,22.0,Attacking Midfield,Real Madrid,€35.00m,in,Summer,35.0,Premier League,2021,2021/2022,89
113,Martin Ødegaard,Arsenal,passes_key,0.8539325842696629,91,22293,Arsenal FC,Martin Ødegaard,22.0,Attacking Midfield,Real Madrid,€35.00m,in,Summer,35.0,Premier League,2021,2021/2022,89
114,Martin Ødegaard,Arsenal,pressures,0.6968325791855203,91,22293,Arsenal FC,Martin Ødegaard,22.0,Attacking Midfield,Real Madrid,€35.00m,in,Summer,35.0,Premier League,2021,2021/2022,89
115,Milot Rashica,Norwich City,sca,0.37333333333333335,133,22627,Norwich City,Milot Rashica,25.0,Right Winger,Werder Bremen,€11.00m,in,Summer,11.0,Premier League,2021,2021/2022,49
116,Milot Rashica,Norwich City,passes_crosses,0.6299212598425197,133,22627,Norwich City,Milot Rashica,25.0,Right Winger,Werder Bremen,€11.00m,in,Summer,11.0,Premier League,2021,2021/2022,49
117,Milot Rashica,Norwich City,passes_key,0.4157303370786517,133,22627,Norwich City,Milot Rashica,25.0,Right Winger,Werder Bremen,€11.00m,in,Summer,11.0,Premier League,2021,2021/2022,49
118,Milot Rashica,Norwich City,pressures,0.42081447963800905,133,22627,Norwich City,Milot Rashica,25.0,Right Winger,Werder Bremen,€11.00m,in,Summer,11.0,Premier League,2021,2021/2022,49
119,Milot Rashica,Norwich City,tot_def,0.37333333333333335,133,22627,Norwich City,Milot Rashica,25.0,Right Winger,Werder Bremen,€11.00m,in,Summer,11.0,Premier League,2021,2021/2022,49
120,Milot Rashica,Norwich City,touches,0.25551965535810445,133,22627,Norwich City,Milot Rashica,25.0,Right Winger,Werder Bremen,€11.00m,in,Summer,11.0,Premier League,2021,2021/2022,49
121,Moussa Sissoko,Watford,sca,0.41333333333333333,150,22723,Watford FC,Moussa Sissoko,32.0,Central Midfield,Spurs,€3.50m,in,Summer,3.5,Premier League,2021,2021/2022,18
122,Moussa Sissoko,Watford,passes_under_pressure,0.4978448275862069,150,22723,Watford FC,Moussa Sissoko,32.0,Central Midfield,Spurs,€3.50m,in,Summer,3.5,Premier League,2021,2021/2022,18
123,Moussa Sissoko,Watford,pressures,0.7239819004524887,150,22723,Watford FC,Moussa Sissoko,32.0,Central Midfield,Spurs,€3.50m,in,Summer,3.5,Premier League,2021,2021/2022,18
124,Moussa Sissoko,Watford,tot_def,0.6088888888888889,150,22723,Watford FC,Moussa Sissoko,32.0,Central Midfield,Spurs,€3.50m,in,Summer,3.5,Premier League,2021,2021/2022,18
125,Moussa Sissoko,Watford,aerial_won,0.49707602339181284,150,22723,Watford FC,Moussa Sissoko,32.0,Central Midfield,Spurs,€3.50m,in,Summer,3.5,Premier League,2021,2021/2022,18
126,Ozan Tufan,Watford,sca,0.04666666666666667,151,22724,Watford FC,Ozan Tufan,26.0,Central Midfield,Fenerbahce,Loan fee:€1.00m,in,Summer,1.0,Premier League,2021,2021/2022,3
127,Ozan Tufan,Watford,passes_under_pressure,0.06465517241379311,151,22724,Watford FC,Ozan Tufan,26.0,Central Midfield,Fenerbahce,Loan fee:€1.00m,in,Summer,1.0,Premier League,2021,2021/2022,3
128,Ozan Tufan,Watford,passes_key,0.0449438202247191,151,22724,Watford FC,Ozan Tufan,26.0,Central Midfield,Fenerbahce,Loan fee:€1.00m,in,Summer,1.0,Premier League,2021,2021/2022,3
129,Ozan Tufan,Watford,pressures,0.04072398190045249,151,22724,Watford FC,Ozan Tufan,26.0,Central Midfield,Fenerbahce,Loan fee:€1.00m,in,Summer,1.0,Premier League,2021,2021/2022,3
130,Ozan Tufan,Watford,touches,0.04065697361335487,151,22724,Watford FC,Ozan Tufan,26.0,Central Midfield,Fenerbahce,Loan fee:€1.00m,in,Summer,1.0,Premier League,2021,2021/2022,3
131,Pierre Lees-Melou,Norwich City,sca,0.3466666666666667,139,22633,Norwich City,Pierre Lees-Melou,28.0,Central Midfield,OGC Nice,€3.90m,in,Summer,3.9,Premier League,2021,2021/2022,20
132,Pierre Lees-Melou,Norwich City,passes_under_pressure,0.4051724137931034,139,22633,Norwich City,Pierre Lees-Melou,28.0,Central Midfield,OGC Nice,€3.90m,in,Summer,3.9,Premier League,2021,2021/2022,20
133,Pierre Lees-Melou,Norwich City,passes_progressive,0.35611510791366907,139,22633,Norwich City,Pierre Lees-Melou,28.0,Central Midfield,OGC Nice,€3.90m,in,Summer,3.9,Premier League,2021,2021/2022,20
134,Pierre Lees-Melou,Norwich City,pressures,0.7330316742081447,139,22633,Norwich City,Pierre Lees-Melou,28.0,Central Midfield,OGC Nice,€3.90m,in,Summer,3.9,Premier League,2021,2021/2022,20
135,Pierre Lees-Melou,Norwich City,tot_def,0.5466666666666666,139,22633,Norwich City,Pierre Lees-Melou,28.0,Central Midfield,OGC Nice,€3.90m,in,Summer,3.9,Premier League,2021,2021/2022,20
136,Saúl Ñíguez,Chelsea,sca,0.05333333333333334,112,22412,Chelsea FC,Saúl Ñíguez,26.0,Central Midfield,Atlético Madrid,Loan fee:€5.00m,in,Summer,5.0,Premier League,2021,2021/2022,26
137,Saúl Ñíguez,Chelsea,passes_under_pressure,0.07112068965517242,112,22412,Chelsea FC,Saúl Ñíguez,26.0,Central Midfield,Atlético Madrid,Loan fee:€5.00m,in,Summer,5.0,Premier League,2021,2021/2022,26
138,Saúl Ñíguez,Chelsea,pressures,0.13122171945701358,112,22412,Chelsea FC,Saúl Ñíguez,26.0,Central Midfield,Atlético Madrid,Loan fee:€5.00m,in,Summer,5.0,Premier League,2021,2021/2022,26
139,Saúl Ñíguez,Chelsea,tot_def,0.15555555555555556,112,22412,Chelsea FC,Saúl Ñíguez,26.0,Central Midfield,Atlético Madrid,Loan fee:€5.00m,in,Summer,5.0,Premier League,2021,2021/2022,26
140,Saúl Ñíguez,Chelsea,touches,0.11523963381798599,112,22412,Chelsea FC,Saúl Ñíguez,26.0,Central Midfield,Atlético Madrid,Loan fee:€5.00m,in,Summer,5.0,Premier League,2021,2021/2022,26
141,Will Hughes,Crystal Palace,sca,0.13333333333333333,117,22456,Crystal Palace,Will Hughes,26.0,Central Midfield,Watford,€7.00m,in,Summer,7.0,Premier League,2021,2021/2022,34
142,Will Hughes,Crystal Palace,passes_under_pressure,0.1810344827586207,117,22456,Crystal Palace,Will Hughes,26.0,Central Midfield,Watford,€7.00m,in,Summer,7.0,Premier League,2021,2021/2022,34
143,Will Hughes,Crystal Palace,pressures,0.2579185520361991,117,22456,Crystal Palace,Will Hughes,26.0,Central Midfield,Watford,€7.00m,in,Summer,7.0,Premier League,2021,2021/2022,34
144,Will Hughes,Crystal Palace,tot_def,0.27111111111111114,117,22456,Crystal Palace,Will Hughes,26.0,Central Midfield,Watford,€7.00m,in,Summer,7.0,Premier League,2021,2021/2022,34
145,Will Hughes,Crystal Palace,touches,0.17474421109316102,117,22456,Crystal Palace,Will Hughes,26.0,Central Midfield,Watford,€7.00m,in,Summer,7.0,Premier League,2021,2021/2022,34
146,Alphonse Areola,West Ham,passes_under_pressure,0.01293103448275862,157,22771,West Ham United,Alphonse Areola,28.0,Goalkeeper,Paris SG,Loan fee:€2.00m,in,Summer,2.0,Premier League,2021,2021/2022,10
147,Alphonse Areola,West Ham,touches,0.011308562197092083,157,22771,West Ham United,Alphonse Areola,28.0,Goalkeeper,Paris SG,Loan fee:€2.00m,in,Summer,2.0,Premier League,2021,2021/2022,10
148,Alphonse Areola,West Ham,saves,0.014388489208633094,157,22771,West Ham United,Alphonse Areola,28.0,Goalkeeper,Paris SG,Loan fee:€2.00m,in,Summer,2.0,Premier League,2021,2021/2022,10
149,Alphonse Areola,West Ham,passes_40yds_completed,0.025078369905956112,157,22771,West Ham United,Alphonse Areola,28.0,Goalkeeper,Paris SG,Loan fee:€2.00m,in,Summer,2.0,Premier League,2021,2021/2022,10
150,Alphonse Areola,West Ham,crosses_stopped,0.02702702702702703,157,22771,West Ham United,Alphonse Areola,28.0,Goalkeeper,Paris SG,Loan fee:€2.00m,in,Summer,2.0,Premier League,2021,2021/2022,10
151,Ben Gibson,Norwich City,passes_under_pressure,0.3168103448275862,135,22629,Norwich City,Ben Gibson,28.0,Centre-Back,Burnley,€9.30m,in,Summer,9.3,Premier League,2021,2021/2022,41
152,Ben Gibson,Norwich City,tot_def,0.5377777777777778,135,22629,Norwich City,Ben Gibson,28.0,Centre-Back,Burnley,€9.30m,in,Summer,9.3,Premier League,2021,2021/2022,41
153,Ben Gibson,Norwich City,clearances,0.7361111111111112,135,22629,Norwich City,Ben Gibson,28.0,Centre-Back,Burnley,€9.30m,in,Summer,9.3,Premier League,2021,2021/2022,41
154,Ben Gibson,Norwich City,aerial_won,0.391812865497076,135,22629,Norwich City,Ben Gibson,28.0,Centre-Back,Burnley,€9.30m,in,Summer,9.3,Premier League,2021,2021/2022,41
155,Ben Gibson,Norwich City,touches,0.43026386645126546,135,22629,Norwich City,Ben Gibson,28.0,Centre-Back,Burnley,€9.30m,in,Summer,9.3,Premier League,2021,2021/2022,41
156,Ben White,Arsenal,passes_under_pressure,0.41594827586206895,90,22292,Arsenal FC,Ben White,23.0,Centre-Back,Brighton,€58.50m,in,Summer,58.5,Premier League,2021,2021/2022,96
157,Ben White,Arsenal,tot_def,0.6355555555555555,90,22292,Arsenal FC,Ben White,23.0,Centre-Back,Brighton,€58.50m,in,Summer,58.5,Premier League,2021,2021/2022,96
158,Ben White,Arsenal,clearances,0.5277777777777778,90,22292,Arsenal FC,Ben White,23.0,Centre-Back,Brighton,€58.50m,in,Summer,58.5,Premier League,2021,2021/2022,96
159,Ben White,Arsenal,aerial_won,0.39766081871345027,90,22292,Arsenal FC,Ben White,23.0,Centre-Back,Brighton,€58.50m,in,Summer,58.5,Premier League,2021,2021/2022,96
160,Ben White,Arsenal,touches,0.5683898761443188,90,22292,Arsenal FC,Ben White,23.0,Centre-Back,Brighton,€58.50m,in,Summer,58.5,Premier League,2021,2021/2022,96
161,Boubakary Soumaré,Leicester City,passes_under_pressure,0.27801724137931033,124,22520,Leicester City,Boubakary Soumaré,22.0,Defensive Midfield,LOSC Lille,€20.00m,in,Summer,20.0,Premier League,2021,2021/2022,73
162,Boubakary Soumaré,Leicester City,pressures,0.28054298642533937,124,22520,Leicester City,Boubakary Soumaré,22.0,Defensive Midfield,LOSC Lille,€20.00m,in,Summer,20.0,Premier League,2021,2021/2022,73
163,Boubakary Soumaré,Leicester City,tot_def,0.19111111111111112,124,22520,Leicester City,Boubakary Soumaré,22.0,Defensive Midfield,LOSC Lille,€20.00m,in,Summer,20.0,Premier League,2021,2021/2022,73
164,Boubakary Soumaré,Leicester City,aerial_won,0.1695906432748538,124,22520,Leicester City,Boubakary Soumaré,22.0,Defensive Midfield,LOSC Lille,€20.00m,in,Summer,20.0,Premier League,2021,2021/2022,73
165,Boubakary Soumaré,Leicester City,touches,0.18632202477113624,124,22520,Leicester City,Boubakary Soumaré,22.0,Defensive Midfield,LOSC Lille,€20.00m,in,Summer,20.0,Premier League,2021,2021/2022,73
166,Craig Dawson,West Ham,passes_under_pressure,0.34698275862068967,156,22770,West Ham United,Craig Dawson,31.0,Centre-Back,Watford,€2.30m,in,Summer,2.3,Premier League,2021,2021/2022,13
167,Craig Dawson,West Ham,tot_def,0.52,156,22770,West Ham United,Craig Dawson,31.0,Centre-Back,Watford,€2.30m,in,Summer,2.3,Premier League,2021,2021/2022,13
168,Craig Dawson,West Ham,clearances,0.6712962962962963,156,22770,West Ham United,Craig Dawson,31.0,Centre-Back,Watford,€2.30m,in,Summer,2.3,Premier League,2021,2021/2022,13
169,Craig Dawson,West Ham,aerial_won,0.6023391812865497,156,22770,West Ham United,Craig Dawson,31.0,Centre-Back,Watford,€2.30m,in,Summer,2.3,Premier League,2021,2021/2022,13
170,Craig Dawson,West Ham,touches,0.4149165320409262,156,22770,West Ham United,Craig Dawson,31.0,Centre-Back,Watford,€2.30m,in,Summer,2.3,Premier League,2021,2021/2022,13
171,Joachim Andersen,Crystal Palace,passes_under_pressure,0.40086206896551724,114,22453,Crystal Palace,Joachim Andersen,25.0,Centre-Back,Olympique Lyon,€17.50m,in,Summer,17.5,Premier League,2021,2021/2022,66
172,Joachim Andersen,Crystal Palace,tot_def,0.5511111111111111,114,22453,Crystal Palace,Joachim Andersen,25.0,Centre-Back,Olympique Lyon,€17.50m,in,Summer,17.5,Premier League,2021,2021/2022,66
173,Joachim Andersen,Crystal Palace,clearances,0.7222222222222222,114,22453,Crystal Palace,Joachim Andersen,25.0,Centre-Back,Olympique Lyon,€17.50m,in,Summer,17.5,Premier League,2021,2021/2022,66
174,Joachim Andersen,Crystal Palace,aerial_won,0.49122807017543857,114,22453,Crystal Palace,Joachim Andersen,25.0,Centre-Back,Olympique Lyon,€17.50m,in,Summer,17.5,Premier League,2021,2021/2022,66
175,Joachim Andersen,Crystal Palace,touches,0.674744211093161,114,22453,Crystal Palace,Joachim Andersen,25.0,Centre-Back,Olympique Lyon,€17.50m,in,Summer,17.5,Premier League,2021,2021/2022,66
176,Josh Sargent,Norwich City,passes_under_pressure,0.2607758620689655,134,22628,Norwich City,Josh Sargent,21.0,Centre-Forward,Werder Bremen,€9.50m,in,Summer,9.5,Premier League,2021,2021/2022,43
177,Josh Sargent,Norwich City,pressures,0.45248868778280543,134,22628,Norwich City,Josh Sargent,21.0,Centre-Forward,Werder Bremen,€9.50m,in,Summer,9.5,Premier League,2021,2021/2022,43
178,Josh Sargent,Norwich City,tot_def,0.36,134,22628,Norwich City,Josh Sargent,21.0,Centre-Forward,Werder Bremen,€9.50m,in,Summer,9.5,Premier League,2021,2021/2022,43
179,Josh Sargent,Norwich City,aerial_won,0.24561403508771928,134,22628,Norwich City,Josh Sargent,21.0,Centre-Forward,Werder Bremen,€9.50m,in,Summer,9.5,Premier League,2021,2021/2022,43
180,Josh Sargent,Norwich City,touches,0.17555196553581046,134,22628,Norwich City,Josh Sargent,21.0,Centre-Forward,Werder Bremen,€9.50m,in,Summer,9.5,Premier League,2021,2021/2022,43
181,Kristoffer Klaesson,Leeds United,passes_under_pressure,0.0021551724137931034,122,22498,Leeds United,Kristoffer Klaesson,20.0,Goalkeeper,Vålerenga,€2.00m,in,Summer,2.0,Premier League,2021,2021/2022,10
182,Kristoffer Klaesson,Leeds United,touches,0.003769520732364028,122,22498,Leeds United,Kristoffer Klaesson,20.0,Goalkeeper,Vålerenga,€2.00m,in,Summer,2.0,Premier League,2021,2021/2022,10
183,Kristoffer Klaesson,Leeds United,saves,0.02877697841726619,122,22498,Leeds United,Kristoffer Klaesson,20.0,Goalkeeper,Vålerenga,€2.00m,in,Summer,2.0,Premier League,2021,2021/2022,10
184,Kristoffer Klaesson,Leeds United,passes_40yds_completed,0.006269592476489028,122,22498,Leeds United,Kristoffer Klaesson,20.0,Goalkeeper,Vålerenga,€2.00m,in,Summer,2.0,Premier League,2021,2021/2022,10
185,Kristoffer Klaesson,Leeds United,crosses_stopped,0.02702702702702703,122,22498,Leeds United,Kristoffer Klaesson,20.0,Goalkeeper,Vålerenga,€2.00m,in,Summer,2.0,Premier League,2021,2021/2022,10
186,Marc Cucurella,Brighton,passes_under_pressure,0.7068965517241379,104,22362,Brighton & Hove Albion,Marc Cucurella,23.0,Left-Back,Getafe,€18.00m,in,Summer,18.0,Premier League,2021,2021/2022,70
187,Marc Cucurella,Brighton,passes_crosses,0.7401574803149606,104,22362,Brighton & Hove Albion,Marc Cucurella,23.0,Left-Back,Getafe,€18.00m,in,Summer,18.0,Premier League,2021,2021/2022,70
188,Marc Cucurella,Brighton,pressures,0.9095022624434389,104,22362,Brighton & Hove Albion,Marc Cucurella,23.0,Left-Back,Getafe,€18.00m,in,Summer,18.0,Premier League,2021,2021/2022,70
189,Marc Cucurella,Brighton,tot_def,0.9155555555555556,104,22362,Brighton & Hove Albion,Marc Cucurella,23.0,Left-Back,Getafe,€18.00m,in,Summer,18.0,Premier League,2021,2021/2022,70
190,Marc Cucurella,Brighton,touches,0.7245557350565428,104,22362,Brighton & Hove Albion,Marc Cucurella,23.0,Left-Back,Getafe,€18.00m,in,Summer,18.0,Premier League,2021,2021/2022,70
191,Mathias Normann,Norwich City,passes_under_pressure,0.25862068965517243,140,22634,Norwich City,Mathias Normann,25.0,Defensive Midfield,Rostov,Loan fee:€2.00m,in,Summer,2.0,Premier League,2021,2021/2022,10
192,Mathias Normann,Norwich City,passes_progressive,0.24100719424460432,140,22634,Norwich City,Mathias Normann,25.0,Defensive Midfield,Rostov,Loan fee:€2.00m,in,Summer,2.0,Premier League,2021,2021/2022,10
193,Mathias Normann,Norwich City,pressures,0.2986425339366516,140,22634,Norwich City,Mathias Normann,25.0,Defensive Midfield,Rostov,Loan fee:€2.00m,in,Summer,2.0,Premier League,2021,2021/2022,10
194,Mathias Normann,Norwich City,tot_def,0.3333333333333333,140,22634,Norwich City,Mathias Normann,25.0,Defensive Midfield,Rostov,Loan fee:€2.00m,in,Summer,2.0,Premier League,2021,2021/2022,10
195,Mathias Normann,Norwich City,touches,0.26682821755519653,140,22634,Norwich City,Mathias Normann,25.0,Defensive Midfield,Rostov,Loan fee:€2.00m,in,Summer,2.0,Premier League,2021,2021/2022,10
196,Nuno Tavares,Arsenal,passes_under_pressure,0.17672413793103448,95,22297,Arsenal FC,Nuno Tavares,21.0,Left-Back,Benfica,€8.00m,in,Summer,8.0,Premier League,2021,2021/2022,39
197,Nuno Tavares,Arsenal,passes_crosses,0.25196850393700787,95,22297,Arsenal FC,Nuno Tavares,21.0,Left-Back,Benfica,€8.00m,in,Summer,8.0,Premier League,2021,2021/2022,39
198,Nuno Tavares,Arsenal,pressures,0.21266968325791855,95,22297,Arsenal FC,Nuno Tavares,21.0,Left-Back,Benfica,€8.00m,in,Summer,8.0,Premier League,2021,2021/2022,39
199,Nuno Tavares,Arsenal,tot_def,0.25333333333333335,95,22297,Arsenal FC,Nuno Tavares,21.0,Left-Back,Benfica,€8.00m,in,Summer,8.0,Premier League,2021,2021/2022,39
200,Nuno Tavares,Arsenal,touches,0.23909531502423265,95,22297,Arsenal FC,Nuno Tavares,21.0,Left-Back,Benfica,€8.00m,in,Summer,8.0,Premier League,2021,2021/2022,39
201,Ozan Kabak,Norwich City,passes_under_pressure,0.15948275862068967,138,22632,Norwich City,Ozan Kabak,21.0,Centre-Back,FC Schalke 04,Loan fee:€4.00m,in,Summer,4.0,Premier League,2021,2021/2022,22
202,Ozan Kabak,Norwich City,pressures,0.17194570135746606,138,22632,Norwich City,Ozan Kabak,21.0,Centre-Back,FC Schalke 04,Loan fee:€4.00m,in,Summer,4.0,Premier League,2021,2021/2022,22
203,Ozan Kabak,Norwich City,tot_def,0.2311111111111111,138,22632,Norwich City,Ozan Kabak,21.0,Centre-Back,FC Schalke 04,Loan fee:€4.00m,in,Summer,4.0,Premier League,2021,2021/2022,22
204,Ozan Kabak,Norwich City,aerial_won,0.1695906432748538,138,22632,Norwich City,Ozan Kabak,21.0,Centre-Back,FC Schalke 04,Loan fee:€4.00m,in,Summer,4.0,Premier League,2021,2021/2022,22
205,Ozan Kabak,Norwich City,touches,0.13839526117393647,138,22632,Norwich City,Ozan Kabak,21.0,Centre-Back,FC Schalke 04,Loan fee:€4.00m,in,Summer,4.0,Premier League,2021,2021/2022,22
206,Romain Perraud,Southampton,passes_under_pressure,0.21767241379310345,142,22677,Southampton FC,Romain Perraud,23.0,Left-Back,Stade Brestois,€12.00m,in,Summer,12.0,Premier League,2021,2021/2022,53
207,Romain Perraud,Southampton,passes_crosses,0.3858267716535433,142,22677,Southampton FC,Romain Perraud,23.0,Left-Back,Stade Brestois,€12.00m,in,Summer,12.0,Premier League,2021,2021/2022,53
208,Romain Perraud,Southampton,pressures,0.38461538461538464,142,22677,Southampton FC,Romain Perraud,23.0,Left-Back,Stade Brestois,€12.00m,in,Summer,12.0,Premier League,2021,2021/2022,53
209,Romain Perraud,Southampton,tot_def,0.3288888888888889,142,22677,Southampton FC,Romain Perraud,23.0,Left-Back,Stade Brestois,€12.00m,in,Summer,12.0,Premier League,2021,2021/2022,53
210,Romain Perraud,Southampton,touches,0.2571351642434033,142,22677,Southampton FC,Romain Perraud,23.0,Left-Back,Stade Brestois,€12.00m,in,Summer,12.0,Premier League,2021,2021/2022,53
211,Takehiro Tomiyasu,Arsenal,passes_under_pressure,0.2629310344827586,93,22295,Arsenal FC,Takehiro Tomiyasu,22.0,Right-Back,Bologna,€18.60m,in,Summer,18.6,Premier League,2021,2021/2022,71
212,Takehiro Tomiyasu,Arsenal,pressures,0.3167420814479638,93,22295,Arsenal FC,Takehiro Tomiyasu,22.0,Right-Back,Bologna,€18.60m,in,Summer,18.6,Premier League,2021,2021/2022,71
213,Takehiro Tomiyasu,Arsenal,tot_def,0.4,93,22295,Arsenal FC,Takehiro Tomiyasu,22.0,Right-Back,Bologna,€18.60m,in,Summer,18.6,Premier League,2021,2021/2022,71
214,Takehiro Tomiyasu,Arsenal,aerial_won,0.3333333333333333,93,22295,Arsenal FC,Takehiro Tomiyasu,22.0,Right-Back,Bologna,€18.60m,in,Summer,18.6,Premier League,2021,2021/2022,71
215,Takehiro Tomiyasu,Arsenal,touches,0.35137318255250405,93,22295,Arsenal FC,Takehiro Tomiyasu,22.0,Right-Back,Bologna,€18.60m,in,Summer,18.6,Premier League,2021,2021/2022,71
216,Connor Roberts,Burnley,passes_crosses,0.2204724409448819,110,22402,Burnley FC,Connor Roberts,25.0,Right-Back,Swansea,€2.90m,in,Summer,2.9,Premier League,2021,2021/2022,14
217,Connor Roberts,Burnley,passes_progressive,0.22661870503597123,110,22402,Burnley FC,Connor Roberts,25.0,Right-Back,Swansea,€2.90m,in,Summer,2.9,Premier League,2021,2021/2022,14
218,Connor Roberts,Burnley,tot_def,0.4622222222222222,110,22402,Burnley FC,Connor Roberts,25.0,Right-Back,Swansea,€2.90m,in,Summer,2.9,Premier League,2021,2021/2022,14
219,Connor Roberts,Burnley,clearances,0.25462962962962965,110,22402,Burnley FC,Connor Roberts,25.0,Right-Back,Swansea,€2.90m,in,Summer,2.9,Premier League,2021,2021/2022,14
220,Connor Roberts,Burnley,touches,0.27867528271405495,110,22402,Burnley FC,Connor Roberts,25.0,Right-Back,Swansea,€2.90m,in,Summer,2.9,Premier League,2021,2021/2022,14
221,Ibrahima Konaté,Liverpool,passes_progressive,0.17266187050359713,126,22534,Liverpool FC,Ibrahima Konaté,22.0,Centre-Back,RB Leipzig,€40.00m,in,Summer,40.0,Premier League,2021,2021/2022,92
222,Ibrahima Konaté,Liverpool,tot_def,0.22666666666666666,126,22534,Liverpool FC,Ibrahima Konaté,22.0,Centre-Back,RB Leipzig,€40.00m,in,Summer,40.0,Premier League,2021,2021/2022,92
223,Ibrahima Konaté,Liverpool,clearances,0.2175925925925926,126,22534,Liverpool FC,Ibrahima Konaté,22.0,Centre-Back,RB Leipzig,€40.00m,in,Summer,40.0,Premier League,2021,2021/2022,92
224,Ibrahima Konaté,Liverpool,aerial_won,0.23976608187134502,126,22534,Liverpool FC,Ibrahima Konaté,22.0,Centre-Back,RB Leipzig,€40.00m,in,Summer,40.0,Premier League,2021,2021/2022,92
225,Ibrahima Konaté,Liverpool,touches,0.22347872913301023,126,22534,Liverpool FC,Ibrahima Konaté,22.0,Centre-Back,RB Leipzig,€40.00m,in,Summer,40.0,Premier League,2021,2021/2022,92
226,Jannik Vestergaard,Leicester City,pressures,0.09954751131221719,125,22521,Leicester City,Jannik Vestergaard,29.0,Centre-Back,Southampton,€17.60m,in,Summer,17.6,Premier League,2021,2021/2022,68
227,Jannik Vestergaard,Leicester City,tot_def,0.18222222222222223,125,22521,Leicester City,Jannik Vestergaard,29.0,Centre-Back,Southampton,€17.60m,in,Summer,17.6,Premier League,2021,2021/2022,68
228,Jannik Vestergaard,Leicester City,clearances,0.18981481481481483,125,22521,Leicester City,Jannik Vestergaard,29.0,Centre-Back,Southampton,€17.60m,in,Summer,17.6,Premier League,2021,2021/2022,68
229,Jannik Vestergaard,Leicester City,aerial_won,0.0935672514619883,125,22521,Leicester City,Jannik Vestergaard,29.0,Centre-Back,Southampton,€17.60m,in,Summer,17.6,Premier League,2021,2021/2022,68
230,Jannik Vestergaard,Leicester City,touches,0.11793214862681745,125,22521,Leicester City,Jannik Vestergaard,29.0,Centre-Back,Southampton,€17.60m,in,Summer,17.6,Premier League,2021,2021/2022,68
231,Kristoffer Ajer,Brentford,pressures,0.33031674208144796,99,22340,Brentford FC,Kristoffer Ajer,23.0,Centre-Back,Celtic,€15.70m,in,Summer,15.7,Premier League,2021,2021/2022,61
232,Kristoffer Ajer,Brentford,tot_def,0.47555555555555556,99,22340,Brentford FC,Kristoffer Ajer,23.0,Centre-Back,Celtic,€15.70m,in,Summer,15.7,Premier League,2021,2021/2022,61
233,Kristoffer Ajer,Brentford,clearances,0.375,99,22340,Brentford FC,Kristoffer Ajer,23.0,Centre-Back,Celtic,€15.70m,in,Summer,15.7,Premier League,2021,2021/2022,61
234,Kristoffer Ajer,Brentford,aerial_won,0.3684210526315789,99,22340,Brentford FC,Kristoffer Ajer,23.0,Centre-Back,Celtic,€15.70m,in,Summer,15.7,Premier League,2021,2021/2022,61
235,Kristoffer Ajer,Brentford,touches,0.2983306408185245,99,22340,Brentford FC,Kristoffer Ajer,23.0,Centre-Back,Celtic,€15.70m,in,Summer,15.7,Premier League,2021,2021/2022,61
236,Kurt Zouma,West Ham,pressures,0.1583710407239819,153,22767,West Ham United,Kurt Zouma,26.0,Centre-Back,Chelsea,€35.00m,in,Summer,35.0,Premier League,2021,2021/2022,89
237,Kurt Zouma,West Ham,tot_def,0.4,153,22767,West Ham United,Kurt Zouma,26.0,Centre-Back,Chelsea,€35.00m,in,Summer,35.0,Premier League,2021,2021/2022,89
238,Kurt Zouma,West Ham,clearances,0.6481481481481481,153,22767,West Ham United,Kurt Zouma,26.0,Centre-Back,Chelsea,€35.00m,in,Summer,35.0,Premier League,2021,2021/2022,89
239,Kurt Zouma,West Ham,aerial_won,0.3216374269005848,153,22767,West Ham United,Kurt Zouma,26.0,Centre-Back,Chelsea,€35.00m,in,Summer,35.0,Premier League,2021,2021/2022,89
240,Kurt Zouma,West Ham,touches,0.3247172859450727,153,22767,West Ham United,Kurt Zouma,26.0,Centre-Back,Chelsea,€35.00m,in,Summer,35.0,Premier League,2021,2021/2022,89
241,Lyanco,Southampton,pressures,0.19457013574660634,143,22678,Southampton FC,Lyanco,24.0,Centre-Back,Torino,€7.50m,in,Summer,7.5,Premier League,2021,2021/2022,36
242,Lyanco,Southampton,tot_def,0.31555555555555553,143,22678,Southampton FC,Lyanco,24.0,Centre-Back,Torino,€7.50m,in,Summer,7.5,Premier League,2021,2021/2022,36
243,Lyanco,Southampton,clearances,0.3055555555555556,143,22678,Southampton FC,Lyanco,24.0,Centre-Back,Torino,€7.50m,in,Summer,7.5,Premier League,2021,2021/2022,36
244,Lyanco,Southampton,aerial_won,0.12280701754385964,143,22678,Southampton FC,Lyanco,24.0,Centre-Back,Torino,€7.50m,in,Summer,7.5,Premier League,2021,2021/2022,36
245,Lyanco,Southampton,touches,0.1381260096930533,143,22678,Southampton FC,Lyanco,24.0,Centre-Back,Torino,€7.50m,in,Summer,7.5,Premier League,2021,2021/2022,36
246,Marc Guéhi,Crystal Palace,pressures,0.4117647058823529,113,22452,Crystal Palace,Marc Guéhi,21.0,Centre-Back,Chelsea U23,€23.34m,in,Summer,23.34,Premier League,2021,2021/2022,75
247,Marc Guéhi,Crystal Palace,tot_def,0.5555555555555556,113,22452,Crystal Palace,Marc Guéhi,21.0,Centre-Back,Chelsea U23,€23.34m,in,Summer,23.34,Premier League,2021,2021/2022,75
248,Marc Guéhi,Crystal Palace,clearances,0.6435185185185185,113,22452,Crystal Palace,Marc Guéhi,21.0,Centre-Back,Chelsea U23,€23.34m,in,Summer,23.34,Premier League,2021,2021/2022,75
249,Marc Guéhi,Crystal Palace,aerial_won,0.49707602339181284,113,22452,Crystal Palace,Marc Guéhi,21.0,Centre-Back,Chelsea U23,€23.34m,in,Summer,23.34,Premier League,2021,2021/2022,75
250,Marc Guéhi,Crystal Palace,touches,0.6943995691976306,113,22452,Crystal Palace,Marc Guéhi,21.0,Centre-Back,Chelsea U23,€23.34m,in,Summer,23.34,Premier League,2021,2021/2022,75
251,Nathan Collins,Burnley,pressures,0.24434389140271492,109,22401,Burnley FC,Nathan Collins,20.0,Centre-Back,Stoke City,€14.00m,in,Summer,14.0,Premier League,2021,2021/2022,55
252,Nathan Collins,Burnley,tot_def,0.48,109,22401,Burnley FC,Nathan Collins,20.0,Centre-Back,Stoke City,€14.00m,in,Summer,14.0,Premier League,2021,2021/2022,55
253,Nathan Collins,Burnley,clearances,0.4722222222222222,109,22401,Burnley FC,Nathan Collins,20.0,Centre-Back,Stoke City,€14.00m,in,Summer,14.0,Premier League,2021,2021/2022,55
254,Nathan Collins,Burnley,aerial_won,0.4853801169590643,109,22401,Burnley FC,Nathan Collins,20.0,Centre-Back,Stoke City,€14.00m,in,Summer,14.0,Premier League,2021,2021/2022,55
255,Nathan Collins,Burnley,touches,0.23532579429186862,109,22401,Burnley FC,Nathan Collins,20.0,Centre-Back,Stoke City,€14.00m,in,Summer,14.0,Premier League,2021,2021/2022,55
256,Raphaël Varane,Manchester Utd,pressures,0.26244343891402716,129,22587,Manchester United,Raphaël Varane,28.0,Centre-Back,Real Madrid,€40.00m,in,Summer,40.0,Premier League,2021,2021/2022,92
257,Raphaël Varane,Manchester Utd,tot_def,0.3688888888888889,129,22587,Manchester United,Raphaël Varane,28.0,Centre-Back,Real Madrid,€40.00m,in,Summer,40.0,Premier League,2021,2021/2022,92
258,Raphaël Varane,Manchester Utd,clearances,0.4398148148148148,129,22587,Manchester United,Raphaël Varane,28.0,Centre-Back,Real Madrid,€40.00m,in,Summer,40.0,Premier League,2021,2021/2022,92
259,Raphaël Varane,Manchester Utd,aerial_won,0.3684210526315789,129,22587,Manchester United,Raphaël Varane,28.0,Centre-Back,Real Madrid,€40.00m,in,Summer,40.0,Premier League,2021,2021/2022,92
260,Raphaël Varane,Manchester Utd,touches,0.34868066774367257,129,22587,Manchester United,Raphaël Varane,28.0,Centre-Back,Real Madrid,€40.00m,in,Summer,40.0,Premier League,2021,2021/2022,92
261,Álvaro Fernández,Brentford,touches,0.1435110393107162,102,22343,Brentford FC,Álvaro Fernández,23.0,Goalkeeper,SD Huesca,Loan fee:€1.00m,in,Summer,1.0,Premier League,2021,2021/2022,3
262,Álvaro Fernández,Brentford,saves,0.33093525179856115,102,22343,Brentford FC,Álvaro Fernández,23.0,Goalkeeper,SD Huesca,Loan fee:€1.00m,in,Summer,1.0,Premier League,2021,2021/2022,3
263,Álvaro Fernández,Brentford,passes_40yds_completed,0.25705329153605017,102,22343,Brentford FC,Álvaro Fernández,23.0,Goalkeeper,SD Huesca,Loan fee:€1.00m,in,Summer,1.0,Premier League,2021,2021/2022,3
264,Álvaro Fernández,Brentford,crosses_stopped,0.1891891891891892,102,22343,Brentford FC,Álvaro Fernández,23.0,Goalkeeper,SD Huesca,Loan fee:€1.00m,in,Summer,1.0,Premier League,2021,2021/2022,3
265,Álvaro Fernández,Brentford,outside_area_sweep,0.15873015873015872,102,22343,Brentford FC,Álvaro Fernández,23.0,Goalkeeper,SD Huesca,Loan fee:€1.00m,in,Summer,1.0,Premier League,2021,2021/2022,3
266,Angus Gunn,Norwich City,touches,0.08912224017232095,137,22631,Norwich City,Angus Gunn,25.0,Goalkeeper,Southampton,€5.85m,in,Summer,5.85,Premier League,2021,2021/2022,31
267,Angus Gunn,Norwich City,saves,0.2446043165467626,137,22631,Norwich City,Angus Gunn,25.0,Goalkeeper,Southampton,€5.85m,in,Summer,5.85,Premier League,2021,2021/2022,31
268,Angus Gunn,Norwich City,passes_40yds_completed,0.18495297805642633,137,22631,Norwich City,Angus Gunn,25.0,Goalkeeper,Southampton,€5.85m,in,Summer,5.85,Premier League,2021,2021/2022,31
269,Angus Gunn,Norwich City,crosses_stopped,0.1891891891891892,137,22631,Norwich City,Angus Gunn,25.0,Goalkeeper,Southampton,€5.85m,in,Summer,5.85,Premier League,2021,2021/2022,31
270,Angus Gunn,Norwich City,outside_area_sweep,0.1111111111111111,137,22631,Norwich City,Angus Gunn,25.0,Goalkeeper,Southampton,€5.85m,in,Summer,5.85,Premier League,2021,2021/2022,31
271,Aaron Ramsdale,Arsenal,saves,0.60431654676259,92,22294,Arsenal FC,Aaron Ramsdale,23.0,Goalkeeper,Sheff Utd,€28.00m,in,Summer,28.0,Premier League,2021,2021/2022,79
272,Aaron Ramsdale,Arsenal,clean_sheets,0.6,92,22294,Arsenal FC,Aaron Ramsdale,23.0,Goalkeeper,Sheff Utd,€28.00m,in,Summer,28.0,Premier League,2021,2021/2022,79
273,Aaron Ramsdale,Arsenal,passes_40yds_completed,0.5517241379310345,92,22294,Arsenal FC,Aaron Ramsdale,23.0,Goalkeeper,Sheff Utd,€28.00m,in,Summer,28.0,Premier League,2021,2021/2022,79
274,Aaron Ramsdale,Arsenal,crosses_stopped,0.5675675675675675,92,22294,Arsenal FC,Aaron Ramsdale,23.0,Goalkeeper,Sheff Utd,€28.00m,in,Summer,28.0,Premier League,2021,2021/2022,79
275,Aaron Ramsdale,Arsenal,outside_area_sweep,0.5555555555555556,92,22294,Arsenal FC,Aaron Ramsdale,23.0,Goalkeeper,Sheff Utd,€28.00m,in,Summer,28.0,Premier League,2021,2021/2022,79
276,José Sá,Wolves,saves,0.8633093525179856,159,22782,Wolverhampton Wanderers,José Sá,28.0,Goalkeeper,Olympiacos,€8.00m,in,Summer,8.0,Premier League,2021,2021/2022,39
277,José Sá,Wolves,clean_sheets,0.55,159,22782,Wolverhampton Wanderers,José Sá,28.0,Goalkeeper,Olympiacos,€8.00m,in,Summer,8.0,Premier League,2021,2021/2022,39
278,José Sá,Wolves,passes_40yds_completed,0.5203761755485894,159,22782,Wolverhampton Wanderers,José Sá,28.0,Goalkeeper,Olympiacos,€8.00m,in,Summer,8.0,Premier League,2021,2021/2022,39
279,José Sá,Wolves,crosses_stopped,0.918918918918919,159,22782,Wolverhampton Wanderers,José Sá,28.0,Goalkeeper,Olympiacos,€8.00m,in,Summer,8.0,Premier League,2021,2021/2022,39
280,José Sá,Wolves,outside_area_sweep,0.6349206349206349,159,22782,Wolverhampton Wanderers,José Sá,28.0,Goalkeeper,Olympiacos,€8.00m,in,Summer,8.0,Premier League,2021,2021/2022,39
