"player","squad","played_per90","pos","goals","assists","gca","sca","passes_under_pressure","passes_crosses","passes_progressive","passes_key","pressures","tot_def","clearances","aerial_won","dribble_success","touches","saves","clean_sheets","passes_40yds_completed","crosses_stopped","outside_area_sweep"
"Aaron Connolly","Brighton",1.7,"FW",0,0,0,2,6,1,0,1,5,2,0,0,0,34,NULL,NULL,NULL,NULL,NULL
"Aaron Cresswell","West Ham",30.3,"DF",2,3,5,49,209,63,155,35,67,110,76,36,3,2291,NULL,NULL,NULL,NULL,NULL
"Aaron Lennon","Burnley",17.2,"MF",2,0,5,32,64,30,17,10,83,65,13,10,15,564,NULL,NULL,NULL,NULL,NULL
"Aaron Ramsdale","Arsenal",34,"GK",0,0,1,1,88,0,1,0,0,0,2,0,2,1249,84,12,176,21,35
"Aaron Wan-Bissaka","Manchester Utd",19.9,"DF",0,0,1,31,140,22,53,14,64,132,48,19,36,1363,NULL,NULL,NULL,NULL,NULL
"Abdoulaye Doucouré","Everton",28.2,"MF",2,4,7,53,248,8,91,21,179,128,33,44,19,1389,NULL,NULL,NULL,NULL,NULL
"Adam Armstrong","Southampton",15.7,"FW",2,2,3,29,65,22,26,12,64,26,6,14,19,489,NULL,NULL,NULL,NULL,NULL
"Adam Forshaw","Leeds United",17,"MF",0,1,1,27,123,5,61,13,124,77,20,14,9,973,NULL,NULL,NULL,NULL,NULL
"Adam Idah","Norwich City",6.9,"FWMF",1,1,1,12,44,11,7,4,23,14,8,16,12,235,NULL,NULL,NULL,NULL,NULL
"Adam Lallana","Brighton",17.3,"MF",0,1,3,27,165,8,59,8,105,75,15,14,19,1120,NULL,NULL,NULL,NULL,NULL
"Adam Masina","Watford",12,"DF",0,1,1,11,69,18,32,8,45,74,41,30,8,668,NULL,NULL,NULL,NULL,NULL
"Adam Webster","Brighton",15.9,"DF",2,0,1,10,137,4,73,1,45,73,80,66,7,1314,NULL,NULL,NULL,NULL,NULL
"Adama Traoré","Wolves",11.9,"FW",1,0,2,50,74,28,23,19,42,21,2,12,61,497,NULL,NULL,NULL,NULL,NULL
"Ademola Lookman","Leicester City",16.1,"FWMF",6,0,2,40,125,22,49,22,98,71,2,4,40,794,NULL,NULL,NULL,NULL,NULL
"Ainsley Maitland-Niles","Arsenal",3,"MF",0,0,0,8,22,1,13,3,17,12,4,5,2,171,NULL,NULL,NULL,NULL,NULL
"Albert Sambi Lokonga","Arsenal",12.6,"MF",0,0,0,34,116,3,61,18,47,54,18,21,4,930,NULL,NULL,NULL,NULL,NULL
"Alejandro Garnacho","Manchester Utd",0.1,"FW",0,0,0,0,2,0,0,0,0,0,0,0,0,3,NULL,NULL,NULL,NULL,NULL
"Alex Iwobi","Everton",22.6,"MFDF",2,2,6,62,137,30,79,35,153,113,23,9,32,1052,NULL,NULL,NULL,NULL,NULL
"Alex Král","West Ham",0,"MF",0,0,0,0,2,0,0,0,2,0,0,1,0,2,NULL,NULL,NULL,NULL,NULL
"Alex McCarthy","Southampton",17,"GK",0,0,0,1,30,0,0,1,0,0,0,0,0,546,43,5,83,17,3
"Alex Oxlade-Chamberlain","Liverpool",8.7,"MFFW",2,1,1,21,63,22,45,9,63,33,7,5,10,503,NULL,NULL,NULL,NULL,NULL
"Alex Telles","Manchester Utd",18.4,"DF",0,4,5,45,142,63,60,27,60,92,53,31,12,1379,NULL,NULL,NULL,NULL,NULL
"Alexandre Lacazette","Arsenal",19.8,"FWMF",4,7,9,65,99,7,37,24,108,45,6,22,17,664,NULL,NULL,NULL,NULL,NULL
"Alexis Mac Allister","Brighton",23.6,"MFFW",5,2,4,65,186,20,108,27,199,119,20,29,18,1400,NULL,NULL,NULL,NULL,NULL
"Alisson","Liverpool",36,"GK",0,1,1,3,96,0,0,2,3,1,1,0,2,1462,73,20,187,21,63
"Allan","Everton",24.3,"MF",0,2,6,32,156,6,106,15,204,149,40,12,16,1235,NULL,NULL,NULL,NULL,NULL
"Allan Saint-Maximin","Newcastle Utd",31.2,"FWMF",5,5,9,114,174,69,56,51,67,44,2,19,140,1222,NULL,NULL,NULL,NULL,NULL
"Alphonse Areola","West Ham",1,"GK",0,0,0,0,6,0,0,0,0,0,0,0,0,42,2,0,8,1,0
"Álvaro Fernández","Brentford",12,"GK",0,0,0,0,34,0,1,0,0,0,0,0,0,533,46,1,82,7,10
"André Gomes","Everton",6.9,"MF",0,1,2,13,46,3,21,4,51,33,3,6,12,372,NULL,NULL,NULL,NULL,NULL
"Andreas Christensen","Chelsea",16.6,"DF",0,0,0,8,149,2,69,5,51,94,87,60,6,1451,NULL,NULL,NULL,NULL,NULL
"Andrew Omobamidele","Norwich City",4.2,"DF",1,0,0,0,27,0,13,0,14,23,17,6,0,276,NULL,NULL,NULL,NULL,NULL
"Andrew Robertson","Liverpool",28.2,"DF",3,10,16,95,165,89,198,55,86,109,58,33,16,2536,NULL,NULL,NULL,NULL,NULL
"Andriy Yarmolenko","West Ham",3.5,"FW",1,0,0,7,18,5,8,3,12,6,1,4,3,149,NULL,NULL,NULL,NULL,NULL
"Andros Townsend","Everton",16.2,"MF",3,2,4,54,95,56,46,30,98,80,6,5,24,715,NULL,NULL,NULL,NULL,NULL
"Angelo Ogbonna","West Ham",10.2,"DF",1,0,1,2,41,0,10,0,16,28,38,26,0,528,NULL,NULL,NULL,NULL,NULL
"Angus Gunn","Norwich City",9,"GK",0,0,0,0,12,0,0,0,0,0,1,0,0,331,34,1,59,7,7
"Anthony Elanga","Manchester Utd",13.5,"FW",2,2,5,18,104,16,15,8,80,60,6,27,15,622,NULL,NULL,NULL,NULL,NULL
"Anthony Gordon","Everton",25.4,"MFFW",4,2,5,73,141,71,55,34,154,130,8,18,44,1154,NULL,NULL,NULL,NULL,NULL
"Anthony Martial","Manchester Utd",2.4,"FW",1,0,2,3,16,5,8,1,11,5,2,5,5,110,NULL,NULL,NULL,NULL,NULL
"Antonio Rüdiger","Chelsea",33.7,"DF",3,0,8,39,239,14,161,13,92,112,110,67,6,2759,NULL,NULL,NULL,NULL,NULL
"Anwar El Ghazi","Everton",0.1,"FW",0,0,0,0,2,1,0,0,3,4,0,0,0,14,NULL,NULL,NULL,NULL,NULL
"Anwar El Ghazi","Aston Villa",4.3,"FWMF",1,1,2,11,23,11,7,4,18,10,2,11,3,183,NULL,NULL,NULL,NULL,NULL
"Armando Broja","Southampton",21.9,"FW",6,0,3,37,146,19,18,8,112,47,8,94,31,697,NULL,NULL,NULL,NULL,NULL
"Arthur Masuaku","West Ham",7.2,"DFFW",1,1,2,6,54,20,24,3,39,47,16,13,5,475,NULL,NULL,NULL,NULL,NULL
"Ashley Barnes","Burnley",9,"FW",1,0,1,21,90,4,19,10,35,22,4,41,4,311,NULL,NULL,NULL,NULL,NULL
"Ashley Fletcher","Watford",0.3,"FW",0,0,0,2,5,0,1,0,1,3,0,2,0,15,NULL,NULL,NULL,NULL,NULL
"Ashley Westwood","Burnley",25.4,"MF",0,3,7,55,148,37,107,31,92,85,20,10,11,1405,NULL,NULL,NULL,NULL,NULL
"Ashley Young","Aston Villa",13.9,"DFFW",0,2,4,22,81,29,34,12,35,49,24,12,7,753,NULL,NULL,NULL,NULL,NULL
"Asmir Begović","Everton",3,"GK",0,0,0,0,4,0,0,0,0,0,2,0,0,96,11,1,21,3,0
"Axel Tuanzebe","Aston Villa",5.6,"DF",0,0,0,1,22,1,6,0,13,20,13,12,0,263,NULL,NULL,NULL,NULL,NULL
"Aymeric Laporte","Manchester City",31.4,"DF",4,0,4,30,202,5,198,9,63,74,78,73,3,3059,NULL,NULL,NULL,NULL,NULL
"Ayoze Pérez","Leicester City",4.9,"MFFW",2,3,2,18,50,4,20,9,33,26,3,8,8,244,NULL,NULL,NULL,NULL,NULL
"Bali Mumba","Norwich City",0.5,"DF",0,0,0,0,3,0,1,0,3,3,5,0,0,19,NULL,NULL,NULL,NULL,NULL
"Ben Chilwell","Chelsea",6,"DF",3,1,1,21,53,10,13,10,31,21,15,8,2,422,NULL,NULL,NULL,NULL,NULL
"Ben Davies","Tottenham",28.2,"DF",1,1,4,29,169,9,117,8,86,102,93,77,8,1854,NULL,NULL,NULL,NULL,NULL
"Ben Foster","Watford",26,"GK",0,1,1,7,61,0,0,2,1,0,6,0,0,926,63,4,227,16,24
"Ben Gibson","Norwich City",27.7,"DF",0,0,1,11,147,0,78,2,51,121,159,67,2,1598,NULL,NULL,NULL,NULL,NULL
"Ben Godfrey","Everton",22.5,"DF",0,0,2,31,87,14,39,13,89,122,98,51,6,1062,NULL,NULL,NULL,NULL,NULL
"Ben Johnson","West Ham",15.5,"DF",1,0,2,16,74,40,50,9,61,90,49,18,9,942,NULL,NULL,NULL,NULL,NULL
"Ben Mee","Burnley",20.4,"DF",3,0,0,8,122,3,47,2,39,91,122,92,4,974,NULL,NULL,NULL,NULL,NULL
"Ben White","Arsenal",32,"DF",0,0,1,25,193,4,90,9,82,143,114,68,7,2111,NULL,NULL,NULL,NULL,NULL
"Benjamin Mendy","Manchester City",0.9,"DF",0,0,0,4,1,4,8,2,2,1,3,2,1,94,NULL,NULL,NULL,NULL,NULL
"Bernardo Silva","Manchester City",31.7,"MFFW",8,4,13,126,251,65,87,54,143,98,26,14,50,2243,NULL,NULL,NULL,NULL,NULL
"Bernd Leno","Arsenal",4,"GK",0,0,0,0,10,0,0,0,0,0,0,0,0,125,9,1,16,2,1
"Bertrand Traoré","Aston Villa",2.4,"MFFW",0,0,2,11,15,6,10,0,5,0,1,5,10,125,NULL,NULL,NULL,NULL,NULL
"Billy Gilmour","Norwich City",20.6,"MF",0,1,1,48,139,19,93,25,101,78,32,12,15,1399,NULL,NULL,NULL,NULL,NULL
"Boubakary Soumaré","Leicester City",12.2,"MF",0,1,2,15,129,5,39,5,62,43,19,29,9,692,NULL,NULL,NULL,NULL,NULL
"Brandon Williams","Norwich City",23.6,"DF",0,1,2,31,154,18,82,19,81,141,47,22,16,1419,NULL,NULL,NULL,NULL,NULL
"Bruno Fernandes","Manchester Utd",34.6,"MF",10,6,10,145,344,82,196,88,172,112,40,23,23,2422,NULL,NULL,NULL,NULL,NULL
"Bruno Guimarães","Newcastle Utd",11.5,"MF",5,1,3,24,138,9,34,13,89,85,9,6,17,716,NULL,NULL,NULL,NULL,NULL
"Bryan","Tottenham",1,"FWMF",0,0,1,5,7,4,2,2,12,5,0,0,3,82,NULL,NULL,NULL,NULL,NULL
"Bryan Mbeumo","Brentford",32.3,"FW",4,7,12,77,164,54,49,36,138,86,21,34,35,1221,NULL,NULL,NULL,NULL,NULL
"Bukayo Saka","Arsenal",33.1,"FWMF",11,7,16,142,240,72,73,65,134,95,19,30,49,1671,NULL,NULL,NULL,NULL,NULL
"Çağlar Söyüncü","Leicester City",27.7,"DF",1,0,0,11,195,5,53,3,93,136,139,99,6,2135,NULL,NULL,NULL,NULL,NULL
"Callum Hudson-Odoi","Chelsea",10.7,"FWMF",1,2,6,51,77,26,31,24,38,24,5,5,19,505,NULL,NULL,NULL,NULL,NULL
"Callum Wilson","Newcastle Utd",15.4,"FW",8,0,0,20,64,5,7,10,43,19,12,30,14,366,NULL,NULL,NULL,NULL,NULL
"Calum Chambers","Arsenal",1.9,"DF",0,0,0,1,10,2,9,1,5,15,7,3,0,122,NULL,NULL,NULL,NULL,NULL
"Calum Chambers","Aston Villa",9.2,"DF",1,0,1,13,47,2,24,2,31,43,59,29,1,570,NULL,NULL,NULL,NULL,NULL
"Cameron Archer","Aston Villa",0.3,"MFFW",0,0,0,0,1,0,3,0,0,1,1,1,1,12,NULL,NULL,NULL,NULL,NULL
"Caoimhín Kelleher","Liverpool",2,"GK",0,0,0,0,14,0,0,0,0,0,0,0,0,94,5,1,8,0,3
"Carney Chukwuemeka","Aston Villa",3.3,"MFFW",0,1,1,4,19,0,3,2,25,9,1,5,3,160,NULL,NULL,NULL,NULL,NULL
"Cédric Soares","Arsenal",16.5,"DF",1,1,2,36,104,62,51,18,68,64,35,22,7,1254,NULL,NULL,NULL,NULL,NULL
"Cenk Tosun","Everton",0.1,"FW",0,0,0,0,0,0,0,0,0,0,0,0,0,3,NULL,NULL,NULL,NULL,NULL
"César Azpilicueta","Chelsea",23,"DF",1,2,8,44,158,37,124,18,104,130,71,52,15,1958,NULL,NULL,NULL,NULL,NULL
"Charlie Cresswell","Leeds United",1.6,"DF",0,0,0,1,8,0,5,0,5,9,10,7,1,120,NULL,NULL,NULL,NULL,NULL
"Charlie Goode","Brentford",5,"DF",0,0,0,12,26,14,12,7,15,15,12,19,5,337,NULL,NULL,NULL,NULL,NULL
"Charlie Taylor","Burnley",30.3,"DF",0,3,6,41,188,67,79,20,62,191,84,66,28,1740,NULL,NULL,NULL,NULL,NULL
"Che Adams","Southampton",22.7,"FW",7,3,4,51,137,11,35,26,87,44,15,56,14,766,NULL,NULL,NULL,NULL,NULL
"Cheikhou Kouyaté","Crystal Palace",21.9,"MF",0,1,1,17,125,5,43,4,115,138,54,56,13,1064,NULL,NULL,NULL,NULL,NULL
"Chem Campbell","Wolves",0.1,"MF",0,0,0,0,3,0,0,0,1,1,0,0,0,12,NULL,NULL,NULL,NULL,NULL
"Chiquinho","Wolves",2.3,"DFMF",0,3,3,10,15,21,10,5,14,15,3,5,8,153,NULL,NULL,NULL,NULL,NULL
"Chris Wood","Burnley",15.2,"FW",3,0,2,21,145,5,19,7,60,28,6,114,5,452,NULL,NULL,NULL,NULL,NULL
"Chris Wood","Newcastle Utd",14.7,"FW",2,0,2,21,163,2,13,10,67,13,8,146,4,460,NULL,NULL,NULL,NULL,NULL
"Christian Benteke","Crystal Palace",12.7,"FW",4,1,1,20,113,2,17,11,32,11,30,88,9,462,NULL,NULL,NULL,NULL,NULL
"Christian Eriksen","Brentford",10.4,"MF",1,4,7,53,66,30,65,32,32,33,11,6,7,743,NULL,NULL,NULL,NULL,NULL
"Christian Kabasele","Watford",13.3,"DF",0,0,0,5,67,1,25,1,35,65,58,50,0,592,NULL,NULL,NULL,NULL,NULL
"Christian Nørgaard","Brentford",33.9,"MF",3,4,6,49,280,14,163,29,218,224,57,61,13,2056,NULL,NULL,NULL,NULL,NULL
"Christian Pulisic","Chelsea",14.3,"MFFW",6,2,2,33,116,13,30,15,72,38,9,15,20,681,NULL,NULL,NULL,NULL,NULL
"Christoph Zimmermann","Norwich City",1.7,"DF",0,0,0,0,9,0,3,0,9,6,3,2,1,80,NULL,NULL,NULL,NULL,NULL
"Christos Tzolis","Norwich City",3.7,"FWMF",0,0,0,11,43,9,7,8,14,8,2,4,0,145,NULL,NULL,NULL,NULL,NULL
"Ciaran Clark","Newcastle Utd",11.3,"DF",0,1,1,5,37,3,15,4,27,42,50,34,3,449,NULL,NULL,NULL,NULL,NULL
"CJ Egan-Riley","Manchester City",0,"DF",0,0,0,0,1,0,0,0,0,1,0,0,0,1,NULL,NULL,NULL,NULL,NULL
"Cody Drameh","Leeds United",1.4,"DF",0,0,0,2,6,2,6,1,8,8,2,0,2,94,NULL,NULL,NULL,NULL,NULL
"Cole Palmer","Manchester City",1.4,"FWMF",0,0,1,7,13,4,5,2,6,6,0,2,1,76,NULL,NULL,NULL,NULL,NULL
"Connor Roberts","Burnley",18.8,"DF",1,1,1,22,81,28,63,13,46,104,55,19,8,1035,NULL,NULL,NULL,NULL,NULL
"Conor Coady","Wolves",37.3,"DF",4,0,0,7,126,2,44,2,68,126,150,39,1,1930,NULL,NULL,NULL,NULL,NULL
"Conor Gallagher","Crystal Palace",31.6,"MF",8,3,13,89,205,67,62,35,221,143,27,35,45,1588,NULL,NULL,NULL,NULL,NULL
"Craig Cathcart","Watford",26.6,"DF",0,1,0,5,112,3,40,2,51,108,129,63,0,1176,NULL,NULL,NULL,NULL,NULL
"Craig Dawson","West Ham",30.6,"DF",2,2,5,11,161,1,45,3,67,117,145,103,2,1541,NULL,NULL,NULL,NULL,NULL
"Cristian Romero","Tottenham",20.5,"DF",1,0,2,17,160,2,52,6,113,152,78,50,9,1533,NULL,NULL,NULL,NULL,NULL
"Cristiano Ronaldo","Manchester Utd",27.3,"FW",18,3,9,76,175,12,49,24,49,25,31,48,19,1184,NULL,NULL,NULL,NULL,NULL
"Crysencio Summerville","Leeds United",1.4,"MFFW",0,0,0,2,11,4,7,2,9,11,0,1,3,93,NULL,NULL,NULL,NULL,NULL
"Cucho","Watford",12.7,"FWMF",5,2,6,40,88,26,33,19,57,28,10,39,23,557,NULL,NULL,NULL,NULL,NULL
"Curtis Jones","Liverpool",9.5,"MF",1,1,2,26,90,2,35,9,61,24,2,7,18,694,NULL,NULL,NULL,NULL,NULL
"Dale Stephens","Burnley",1.4,"MF",0,0,0,2,14,0,3,1,14,8,1,1,0,74,NULL,NULL,NULL,NULL,NULL
"Dan Burn","Brighton",11.4,"DF",1,0,0,5,55,1,37,1,45,76,52,40,1,773,NULL,NULL,NULL,NULL,NULL
"Dan Burn","Newcastle Utd",16,"DF",0,1,1,4,94,1,27,2,56,74,114,90,0,780,NULL,NULL,NULL,NULL,NULL
"Dan Gosling","Watford",1.8,"MF",1,0,0,2,16,1,4,1,7,3,3,5,0,85,NULL,NULL,NULL,NULL,NULL
"Dane Scarlett","Tottenham",0,"MF",0,0,0,0,1,0,0,0,0,0,0,0,1,1,NULL,NULL,NULL,NULL,NULL
"Daniel Amartey","Leicester City",23.6,"DF",0,0,1,17,137,0,59,3,54,90,110,45,6,1702,NULL,NULL,NULL,NULL,NULL
"Daniel Bachmann","Watford",12,"GK",0,0,0,0,19,0,0,0,0,0,0,0,1,394,45,0,89,3,8
"Daniel Chesters","West Ham",0,"MF",0,0,0,0,0,0,0,0,0,0,0,0,0,0,NULL,NULL,NULL,NULL,NULL
"Daniel James","Manchester Utd",1.4,"FW",0,0,0,3,6,5,0,1,8,6,1,0,0,53,NULL,NULL,NULL,NULL,NULL
"Daniel James","Leeds United",26.3,"FWMF",4,4,5,53,104,44,49,23,149,60,12,16,18,786,NULL,NULL,NULL,NULL,NULL
"Daniel Podence","Wolves",16.5,"FWMF",2,3,4,62,128,34,77,35,67,28,0,2,33,839,NULL,NULL,NULL,NULL,NULL
"Danny Ings","Aston Villa",21.1,"FW",7,6,8,31,93,17,27,16,89,56,19,23,11,623,NULL,NULL,NULL,NULL,NULL
"Danny Rose","Watford",7.7,"DF",0,0,1,11,25,15,32,5,34,44,13,4,9,409,NULL,NULL,NULL,NULL,NULL
"Danny Ward","Leicester City",1,"GK",0,0,1,1,1,0,0,0,0,0,0,0,0,38,4,0,3,3,0
"Danny Welbeck","Brighton",16.4,"FW",6,2,4,36,81,6,16,15,90,37,18,47,13,501,NULL,NULL,NULL,NULL,NULL
"David de Gea","Manchester Utd",38,"GK",0,0,0,3,61,0,0,0,0,0,0,0,0,1011,124,8,139,10,9
"David Raya","Brentford",24,"GK",0,0,0,2,80,0,3,1,0,1,0,0,0,1112,75,8,254,15,26
"Davinson Sánchez","Tottenham",18.1,"DF",2,0,1,16,105,2,52,4,66,91,76,56,3,1290,NULL,NULL,NULL,NULL,NULL
"Declan Rice","West Ham",35.3,"MF",1,4,8,59,309,37,149,24,154,208,53,48,37,2508,NULL,NULL,NULL,NULL,NULL
"Dejan Kulusevski","Tottenham",14,"MFFW",5,8,14,47,82,24,37,26,79,53,1,5,28,634,NULL,NULL,NULL,NULL,NULL
"Dele Alli","Everton",3.8,"MF",0,0,1,10,34,4,12,7,34,29,7,8,4,232,NULL,NULL,NULL,NULL,NULL
"Dele Alli","Tottenham",7.3,"MFFW",1,0,1,8,42,3,19,2,55,49,12,11,5,331,NULL,NULL,NULL,NULL,NULL
"Demarai Gray","Everton",26,"MFFW",5,4,6,83,156,57,45,41,109,73,15,6,47,1108,NULL,NULL,NULL,NULL,NULL
"Diego Llorente","Leeds United",26,"DF",3,0,0,6,194,2,69,2,140,157,105,65,9,1645,NULL,NULL,NULL,NULL,NULL
"Dimitris Giannoulis","Norwich City",13,"DF",0,1,2,17,97,30,43,8,54,97,31,10,27,881,NULL,NULL,NULL,NULL,NULL
"Diogo Dalot","Manchester Utd",20,"DF",0,0,5,37,143,46,99,16,72,114,61,38,16,1402,NULL,NULL,NULL,NULL,NULL
"Diogo Jota","Liverpool",26.3,"FW",15,4,14,87,156,16,71,37,164,57,6,37,32,1129,NULL,NULL,NULL,NULL,NULL
"Divock Origi","Liverpool",1.5,"FW",3,0,2,2,11,1,2,0,5,5,1,3,1,68,NULL,NULL,NULL,NULL,NULL
"Dominic Calvert-Lewin","Everton",14.3,"FW",5,2,4,30,142,3,12,12,49,28,12,97,6,463,NULL,NULL,NULL,NULL,NULL
"Dominic Thompson","Brentford",1.6,"DF",0,0,0,1,4,1,1,0,3,6,4,1,0,56,NULL,NULL,NULL,NULL,NULL
"Donny van de Beek","Everton",5.4,"MF",1,0,0,5,38,6,14,2,26,25,5,6,4,298,NULL,NULL,NULL,NULL,NULL
"Donny van de Beek","Manchester Utd",0.8,"MF",1,0,0,5,8,0,3,3,6,7,2,3,3,53,NULL,NULL,NULL,NULL,NULL
"Douglas Luiz","Aston Villa",30.2,"MF",2,3,8,75,173,27,101,36,156,148,29,37,15,1783,NULL,NULL,NULL,NULL,NULL
"Dwight Gayle","Newcastle Utd",0.4,"FW",0,0,0,2,3,0,1,2,5,1,0,1,0,23,NULL,NULL,NULL,NULL,NULL
"Dwight McNeil","Burnley",34.5,"MF",0,1,5,97,245,111,71,47,172,185,20,20,75,1597,NULL,NULL,NULL,NULL,NULL
"Eberechi Eze","Crystal Palace",6.7,"MFFW",1,1,2,22,67,10,28,9,24,20,1,12,12,387,NULL,NULL,NULL,NULL,NULL
"Eddie Nketiah","Arsenal",9.3,"FW",5,1,4,23,35,11,10,11,50,20,7,9,10,373,NULL,NULL,NULL,NULL,NULL
"Ederson","Manchester City",37,"GK",0,0,0,4,93,0,1,1,0,0,0,0,0,1148,56,20,155,16,34
"Edinson Cavani","Manchester Utd",8.5,"FW",2,1,2,11,36,3,9,8,39,20,7,5,4,296,NULL,NULL,NULL,NULL,NULL
"Edo Kayembe","Watford",8.9,"MF",0,0,0,13,76,4,34,6,47,42,20,11,5,521,NULL,NULL,NULL,NULL,NULL
"Edouard Mendy","Chelsea",34,"GK",0,0,0,2,106,0,0,0,1,0,1,0,0,1011,70,14,114,19,19
"Ellis Simms","Everton",0.7,"FW",0,0,0,1,7,0,0,0,3,2,0,3,0,19,NULL,NULL,NULL,NULL,NULL
"Emerson","Tottenham",25.4,"DF",1,1,4,49,199,60,81,26,126,130,79,41,18,1774,NULL,NULL,NULL,NULL,NULL
"Emerson Palmieri","Chelsea",0.1,"DF",0,0,0,0,1,0,0,0,0,0,0,0,0,2,NULL,NULL,NULL,NULL,NULL
"Emi Buendía","Aston Villa",21.1,"FWMF",4,6,10,74,188,19,108,45,108,73,6,24,30,1165,NULL,NULL,NULL,NULL,NULL
"Emil Krafth","Newcastle Utd",18.2,"DF",0,1,1,13,98,18,53,5,64,106,53,32,3,948,NULL,NULL,NULL,NULL,NULL
"Emile Smith Rowe","Arsenal",21.3,"MFFW",10,2,6,65,100,21,57,29,78,51,13,8,32,1037,NULL,NULL,NULL,NULL,NULL
"Emiliano Martínez","Aston Villa",36,"GK",0,0,1,3,92,0,0,0,0,1,1,0,1,1141,93,11,205,17,25
"Emmanuel Dennis","Watford",28.7,"FWMF",10,6,12,91,160,29,60,33,146,88,14,59,73,1101,NULL,NULL,NULL,NULL,NULL
"Enock Mwepu","Brighton",11.1,"MFFW",2,4,7,22,85,9,19,8,57,54,19,12,12,557,NULL,NULL,NULL,NULL,NULL
"Eric Bailly","Manchester Utd",2.4,"DF",0,0,0,1,10,0,3,0,9,16,10,5,0,113,NULL,NULL,NULL,NULL,NULL
"Eric Dier","Tottenham",34.1,"DF",0,0,4,28,163,3,93,8,70,116,168,89,0,2535,NULL,NULL,NULL,NULL,NULL
"Erik Pieters","Burnley",8.1,"DF",0,1,1,7,47,4,22,1,40,64,27,13,3,457,NULL,NULL,NULL,NULL,NULL
"Ethan Pinnock","Brentford",29.9,"DF",1,1,3,20,196,28,58,10,102,143,175,151,5,1925,NULL,NULL,NULL,NULL,NULL
"Evan Ferguson","Brighton",0.3,"MF",0,0,0,0,4,1,0,0,0,0,0,1,0,9,NULL,NULL,NULL,NULL,NULL
"Ezri Konsa","Aston Villa",27.5,"DF",2,0,0,10,113,1,33,4,64,102,81,60,6,1205,NULL,NULL,NULL,NULL,NULL
"Fabian Delph","Everton",7.4,"MF",0,0,0,5,63,1,26,3,39,45,9,5,6,384,NULL,NULL,NULL,NULL,NULL
"Fabian Schär","Newcastle Utd",24,"DF",2,2,4,24,101,6,44,6,47,123,121,51,8,1223,NULL,NULL,NULL,NULL,NULL
"Fabinho","Liverpool",25.7,"MF",5,1,5,39,230,6,107,15,131,144,30,45,8,1786,NULL,NULL,NULL,NULL,NULL
"Fábio Silva","Wolves",6.4,"FW",0,0,1,16,34,4,13,4,44,10,2,14,5,215,NULL,NULL,NULL,NULL,NULL
"Federico Fernández","Newcastle Utd",5.8,"DF",0,0,1,3,20,0,8,1,4,25,23,10,0,267,NULL,NULL,NULL,NULL,NULL
"Fernandinho","Manchester City",10.7,"MFDF",2,1,4,30,104,4,59,10,45,36,23,21,8,906,NULL,NULL,NULL,NULL,NULL
"Fernando Marçal","Wolves",16.1,"DF",0,0,1,17,108,55,50,10,67,99,54,29,9,1084,NULL,NULL,NULL,NULL,NULL
"Ferrán Torres","Manchester City",3.4,"FW",2,1,2,5,16,2,2,1,13,8,0,1,4,104,NULL,NULL,NULL,NULL,NULL
"Finley Stevens","Brentford",0.2,"DF",0,0,0,1,2,0,2,1,1,0,0,1,0,10,NULL,NULL,NULL,NULL,NULL
"Folarin Balogun","Arsenal",0.8,"FW",0,0,0,0,3,0,0,0,5,1,1,1,0,23,NULL,NULL,NULL,NULL,NULL
"Francisco Sierralta","Watford",4.7,"DF",0,0,0,1,17,0,3,0,10,27,40,18,1,244,NULL,NULL,NULL,NULL,NULL
"Francisco Trincão","Wolves",14.8,"FWMF",2,1,2,39,92,24,32,15,94,51,1,5,44,683,NULL,NULL,NULL,NULL,NULL
"Frank Onyeka","Brentford",11.6,"MF",0,0,1,17,61,6,22,4,69,51,13,15,9,469,NULL,NULL,NULL,NULL,NULL
"Fraser Forster","Southampton",19,"GK",0,0,0,2,45,0,0,0,1,0,4,0,0,679,67,3,123,18,14
"Fred","Manchester Utd",22.5,"MF",4,4,8,57,210,2,108,26,141,134,30,16,17,1605,NULL,NULL,NULL,NULL,NULL
"Freddie Woodman","Newcastle Utd",4,"GK",0,0,0,0,3,0,0,0,0,0,0,0,0,128,9,0,22,2,0
"Gabriel Dos Santos","Arsenal",34,"DF",5,0,1,22,178,4,83,8,86,125,117,68,3,2300,NULL,NULL,NULL,NULL,NULL
"Gabriel Jesus","Manchester City",20.9,"FW",8,8,18,78,140,27,53,35,72,55,7,21,40,1033,NULL,NULL,NULL,NULL,NULL
"Giovani Lo Celso","Tottenham",2.6,"MFFW",0,0,0,10,25,1,6,5,14,13,0,0,6,196,NULL,NULL,NULL,NULL,NULL
"Granit Xhaka","Arsenal",25.9,"MFDF",1,2,3,79,193,18,145,35,84,91,28,36,18,1767,NULL,NULL,NULL,NULL,NULL
"Grant Hanley","Norwich City",32.2,"DF",1,0,0,10,127,1,29,4,102,180,196,116,4,1662,NULL,NULL,NULL,NULL,NULL
"Hakim Ziyech","Chelsea",14.7,"FWMF",4,3,7,64,96,65,76,30,78,49,9,11,35,974,NULL,NULL,NULL,NULL,NULL
"Hamza Choudhury","Leicester City",3.2,"DFMF",0,0,0,1,38,0,5,0,6,23,12,14,1,207,NULL,NULL,NULL,NULL,NULL
"Hannibal Mejbri","Manchester Utd",0.8,"FW",0,0,0,0,5,0,0,0,6,1,0,0,1,32,NULL,NULL,NULL,NULL,NULL
"Harrison Ashby","West Ham",0.1,"DF",0,0,0,0,0,0,0,0,0,2,0,0,0,9,NULL,NULL,NULL,NULL,NULL
"Harry Kane","Tottenham",35.9,"FW",17,9,21,117,254,40,117,49,110,39,38,95,62,1434,NULL,NULL,NULL,NULL,NULL
"Harry Maguire","Manchester Utd",27.9,"DF",1,0,1,20,191,1,86,3,65,125,130,102,3,1808,NULL,NULL,NULL,NULL,NULL
"Harry Winks","Tottenham",10.1,"MF",0,1,4,23,84,9,68,11,32,44,8,5,5,756,NULL,NULL,NULL,NULL,NULL
"Harvey Barnes","Leicester City",23.3,"FWMF",6,10,13,57,172,40,74,29,89,49,6,25,31,1066,NULL,NULL,NULL,NULL,NULL
"Harvey Elliott","Liverpool",3.8,"MF",0,0,1,21,23,7,34,8,21,13,4,1,2,301,NULL,NULL,NULL,NULL,NULL
"Hassane Kamara","Watford",18,"DF",1,0,0,21,151,19,47,9,75,156,57,41,18,1161,NULL,NULL,NULL,NULL,NULL
"Hélder Costa","Leeds United",0.2,"MF",0,0,0,0,1,0,0,0,2,0,0,0,0,6,NULL,NULL,NULL,NULL,NULL
"Hugo Lloris","Tottenham",38,"GK",0,0,2,6,58,0,0,3,1,0,0,0,0,1043,95,16,159,21,23
"Hwang Hee-chan","Wolves",20.2,"FWMF",5,1,3,34,106,10,41,16,64,53,8,10,31,869,NULL,NULL,NULL,NULL,NULL
"Ibrahima Diallo","Southampton",11.4,"MF",0,2,4,29,86,7,29,15,68,47,9,13,19,543,NULL,NULL,NULL,NULL,NULL
"Ibrahima Konaté","Liverpool",11,"DF",0,0,2,6,69,0,48,1,23,51,47,41,3,830,NULL,NULL,NULL,NULL,NULL
"İlkay Gündoğan","Manchester City",20.6,"MF",8,4,7,72,147,24,85,37,56,57,10,13,22,1513,NULL,NULL,NULL,NULL,NULL
"Illan Meslier","Leeds United",37.6,"GK",0,0,0,2,103,0,0,0,2,0,2,0,2,1492,139,5,166,21,37
"Imran Louza","Watford",15.7,"MF",0,0,1,30,91,19,53,17,105,103,22,11,13,897,NULL,NULL,NULL,NULL,NULL
"Isaac Hayden","Newcastle Utd",11.1,"MFDF",1,0,0,6,67,5,9,2,53,60,30,24,8,461,NULL,NULL,NULL,NULL,NULL
"Isaac Price","Everton",0.2,"MF",0,0,0,0,0,0,0,0,1,2,0,0,0,5,NULL,NULL,NULL,NULL,NULL
"Ismaila Sarr","Watford",20.7,"FWMF",5,2,3,44,96,48,45,20,91,44,13,13,35,759,NULL,NULL,NULL,NULL,NULL
"Issa Diop","West Ham",10.7,"DF",0,1,1,2,48,1,15,1,28,43,44,19,0,568,NULL,NULL,NULL,NULL,NULL
"Ivan Toney","Brentford",32.3,"FW",12,5,10,80,224,29,77,40,112,72,43,150,22,1249,NULL,NULL,NULL,NULL,NULL
"Jack Butland","Crystal Palace",8.5,"GK",0,0,0,0,16,0,0,0,0,0,0,0,0,295,17,1,33,5,6
"Jack Cork","Burnley",18.6,"MF",1,0,0,12,108,7,39,5,94,68,27,36,10,723,NULL,NULL,NULL,NULL,NULL
"Jack Grealish","Manchester City",21.3,"FW",3,3,7,110,190,36,82,54,105,51,7,16,34,1216,NULL,NULL,NULL,NULL,NULL
"Jack Harrison","Leeds United",29.3,"FWMF",8,1,3,79,215,92,107,41,168,126,30,22,49,1444,NULL,NULL,NULL,NULL,NULL
"Jack Stephens","Southampton",9,"DF",0,0,0,6,70,0,24,4,33,55,46,19,1,551,NULL,NULL,NULL,NULL,NULL
"Jacob Murphy","Newcastle Utd",16.4,"FWDF",1,2,5,45,93,49,35,18,71,81,20,13,15,776,NULL,NULL,NULL,NULL,NULL
"Jacob Ramsey","Aston Villa",27.4,"MF",6,1,3,63,174,16,93,19,148,120,27,22,24,1388,NULL,NULL,NULL,NULL,NULL
"Jaden Philogene Bidace","Aston Villa",0.1,"FW",0,0,0,1,0,0,0,0,0,0,0,0,0,3,NULL,NULL,NULL,NULL,NULL
"Jadon Sancho","Manchester Utd",21.1,"FWMF",3,3,8,82,168,32,72,41,68,65,5,2,48,1192,NULL,NULL,NULL,NULL,NULL
"Jaïro Riedewald","Crystal Palace",1.3,"MF",0,0,0,3,8,0,4,2,3,6,2,0,0,66,NULL,NULL,NULL,NULL,NULL
"Jakob Sørensen","Norwich City",6.7,"MFDF",0,0,0,2,33,0,12,0,46,43,15,14,4,371,NULL,NULL,NULL,NULL,NULL
"Jakub Moder","Brighton",18.9,"MFFW",0,3,4,37,127,28,67,14,116,82,26,22,13,1052,NULL,NULL,NULL,NULL,NULL
"Jamaal Lascelles","Newcastle Utd",22.9,"DF",1,0,1,6,118,5,22,2,51,96,134,99,1,940,NULL,NULL,NULL,NULL,NULL
"Jamal Lewis","Newcastle Utd",2.9,"DF",0,0,1,2,14,3,4,1,14,17,6,2,0,138,NULL,NULL,NULL,NULL,NULL
"James Justin","Leicester City",11.1,"DF",0,0,1,16,92,11,40,9,52,76,33,17,4,801,NULL,NULL,NULL,NULL,NULL
"James Maddison","Leicester City",27.3,"MFFW",12,8,19,100,201,49,104,43,114,71,10,6,36,1382,NULL,NULL,NULL,NULL,NULL
"James McArthur","Crystal Palace",16,"MF",0,3,3,29,186,15,65,15,129,94,42,33,17,1119,NULL,NULL,NULL,NULL,NULL
"James Mcatee","Manchester City",0.2,"MFFW",0,0,0,0,4,0,0,0,2,1,0,1,1,17,NULL,NULL,NULL,NULL,NULL
"James Milner","Liverpool",9.5,"MFDF",0,1,1,31,83,20,75,20,68,65,22,14,3,875,NULL,NULL,NULL,NULL,NULL
"James Tarkowski","Burnley",34.5,"DF",1,2,2,23,193,2,92,9,94,206,216,171,7,1588,NULL,NULL,NULL,NULL,NULL
"James Tomkins","Crystal Palace",6.1,"DF",1,0,0,3,31,0,9,2,20,29,14,13,2,363,NULL,NULL,NULL,NULL,NULL
"James Ward-Prowse","Southampton",35.7,"MF",10,5,7,113,253,68,135,70,169,151,44,34,15,2454,NULL,NULL,NULL,NULL,NULL
"Jamie Shackleton","Leeds United",7.9,"DFMF",0,0,1,8,46,4,18,2,39,44,9,6,8,492,NULL,NULL,NULL,NULL,NULL
"Jamie Vardy","Leicester City",20.1,"FW",15,2,5,38,59,17,27,19,67,21,16,28,11,414,NULL,NULL,NULL,NULL,NULL
"Jan Bednarek","Southampton",29.2,"DF",4,0,0,19,184,6,51,6,76,180,169,114,1,1786,NULL,NULL,NULL,NULL,NULL
"Jannik Vestergaard","Leicester City",6.3,"DF",0,0,0,3,35,0,15,1,22,41,41,16,3,438,NULL,NULL,NULL,NULL,NULL
"Japhet Tanganga","Tottenham",8.2,"DF",0,0,0,3,41,10,18,2,36,45,30,19,3,502,NULL,NULL,NULL,NULL,NULL
"Jarrad Branthwaite","Everton",4.3,"DF",1,0,0,0,23,0,7,0,16,17,16,13,1,154,NULL,NULL,NULL,NULL,NULL
"Jarrod Bowen","West Ham",33.1,"FW",12,10,21,95,176,57,53,42,119,111,8,40,27,1276,NULL,NULL,NULL,NULL,NULL
"Jason Steele","Brighton",1,"GK",0,0,0,0,0,0,0,0,0,0,0,0,0,42,3,0,3,1,0
"Javier Manquillo","Newcastle Utd",14,"DF",1,2,4,9,50,10,17,4,56,75,29,16,8,552,NULL,NULL,NULL,NULL,NULL
"Jay Rodriguez","Burnley",15.4,"FW",2,2,3,24,106,8,18,12,70,41,12,61,11,491,NULL,NULL,NULL,NULL,NULL
"Jean-Philippe Gbamin","Everton",0.7,"MF",0,0,0,0,3,0,0,0,7,1,1,1,1,28,NULL,NULL,NULL,NULL,NULL
"Jean-Philippe Mateta","Crystal Palace",12.7,"FW",5,1,2,18,78,9,4,7,51,21,15,42,15,388,NULL,NULL,NULL,NULL,NULL
"Jed Steer","Aston Villa",1,"GK",0,0,0,0,0,0,0,0,0,0,0,0,0,37,1,0,5,1,1
"Jeff Hendrick","Newcastle Utd",0.8,"MF",1,0,0,1,5,0,1,1,2,1,1,1,1,32,NULL,NULL,NULL,NULL,NULL
"Jeffrey Schlupp","Crystal Palace",20.6,"MFFW",4,1,5,41,129,19,49,19,122,99,33,40,27,974,NULL,NULL,NULL,NULL,NULL
"Jeremy Ngakia","Watford",10,"DF",0,0,1,12,72,18,31,4,55,66,20,19,10,553,NULL,NULL,NULL,NULL,NULL
"Jeremy Sarmiento","Brighton",0.5,"FWMF",0,0,0,0,5,0,1,0,7,5,0,1,1,35,NULL,NULL,NULL,NULL,NULL
"Jesse Lingard","Manchester Utd",4.1,"FWMF",2,0,1,15,14,8,9,8,28,13,1,0,2,203,NULL,NULL,NULL,NULL,NULL
"Jesuran Rak Sakyi","Crystal Palace",0.9,"FWMF",0,0,0,0,17,1,1,0,2,5,0,0,0,41,NULL,NULL,NULL,NULL,NULL
"Joachim Andersen","Crystal Palace",32.4,"DF",0,3,5,33,186,14,93,19,58,124,156,84,6,2506,NULL,NULL,NULL,NULL,NULL
"João Cancelo","Manchester City",35.9,"DF",1,7,16,103,295,103,274,39,119,174,56,49,53,3714,NULL,NULL,NULL,NULL,NULL
"João Moutinho","Wolves",33,"MF",2,1,4,68,337,32,138,38,186,154,35,18,17,2259,NULL,NULL,NULL,NULL,NULL
"João Pedro","Watford",18.3,"FWMF",3,1,4,49,160,25,56,17,108,64,18,62,51,908,NULL,NULL,NULL,NULL,NULL
"Joe Gelhardt","Leeds United",8.3,"FWMF",2,2,6,22,39,5,17,9,68,18,3,8,14,290,NULL,NULL,NULL,NULL,NULL
"Joe Gomez","Liverpool",3.7,"DF",0,1,2,8,36,17,28,3,16,19,8,13,4,325,NULL,NULL,NULL,NULL,NULL
"Joe Rodon","Tottenham",1,"DF",0,0,0,0,4,0,0,0,3,5,8,4,0,44,NULL,NULL,NULL,NULL,NULL
"Joe Willock","Newcastle Utd",22.6,"MF",2,0,4,46,117,13,37,16,118,112,16,19,30,842,NULL,NULL,NULL,NULL,NULL
"Joël Matip","Liverpool",31,"DF",3,3,9,34,237,0,157,11,89,140,121,120,13,2549,NULL,NULL,NULL,NULL,NULL
"Joël Veltman","Brighton",31.9,"DF",1,1,2,36,197,30,115,16,110,172,97,69,14,2218,NULL,NULL,NULL,NULL,NULL
"Joel Ward","Crystal Palace",27.6,"DF",0,0,3,17,210,30,85,7,84,135,102,80,17,2019,NULL,NULL,NULL,NULL,NULL
"Joelinton","Newcastle Utd",28.4,"MFFW",4,1,6,64,300,18,67,28,163,159,47,106,33,1399,NULL,NULL,NULL,NULL,NULL
"Jóhann Berg Guðmundsson","Burnley",12.2,"MF",0,1,2,19,77,42,13,6,44,44,21,21,14,492,NULL,NULL,NULL,NULL,NULL
"John McGinn","Aston Villa",34.3,"MF",3,4,5,96,193,57,166,53,174,174,38,22,41,1752,NULL,NULL,NULL,NULL,NULL
"John Ruddy","Wolves",1.5,"GK",0,0,0,0,4,0,0,0,0,0,0,0,0,36,4,0,3,0,1
"John Stones","Manchester City",12.4,"DF",1,0,1,14,127,1,43,3,22,30,41,54,6,1061,NULL,NULL,NULL,NULL,NULL
"Jon Rowe","Norwich City",2.5,"FWMF",0,1,1,6,16,5,4,4,16,14,0,2,5,116,NULL,NULL,NULL,NULL,NULL
"Jonas Lössl","Brentford",2,"GK",0,0,0,0,5,0,1,0,0,0,0,0,0,66,2,0,13,0,4
"Jonjo Shelvey","Newcastle Utd",22,"MF",2,1,2,42,120,13,70,16,70,77,33,13,9,1098,NULL,NULL,NULL,NULL,NULL
"Jonjoe Kenny","Everton",11.3,"DF",0,1,2,20,74,15,31,11,51,61,21,13,3,581,NULL,NULL,NULL,NULL,NULL
"Jonny Castro","Wolves",11.4,"DF",2,0,0,18,85,10,31,10,58,53,7,11,12,739,NULL,NULL,NULL,NULL,NULL
"Jonny Evans","Leicester City",15,"DF",1,1,2,8,129,3,44,3,49,71,61,53,1,1106,NULL,NULL,NULL,NULL,NULL
"Jordan Ayew","Crystal Palace",22.4,"FW",3,3,6,47,136,50,48,21,146,99,9,31,38,1134,NULL,NULL,NULL,NULL,NULL
"Jordan Henderson","Liverpool",28.9,"MF",2,5,11,78,301,48,176,38,146,98,17,23,17,2403,NULL,NULL,NULL,NULL,NULL
"Jordan Pickford","Everton",35,"GK",0,0,1,7,84,0,0,4,1,2,1,0,1,1243,114,7,291,22,26
"Jorginho","Chelsea",25.3,"MF",6,2,8,60,324,3,140,25,175,141,21,20,13,2087,NULL,NULL,NULL,NULL,NULL
"José Sá","Wolves",36.5,"GK",0,1,1,4,48,0,1,4,3,1,3,0,2,1201,120,11,166,34,40
"Josh Brownhill","Burnley",32.8,"MF",2,3,4,66,217,25,92,40,168,171,49,56,15,1523,NULL,NULL,NULL,NULL,NULL
"Josh Dasilva","Brentford",2.9,"MFFW",0,0,0,5,19,4,7,2,12,14,7,1,7,131,NULL,NULL,NULL,NULL,NULL
"Josh Sargent","Norwich City",17.5,"FWMF",2,1,2,26,121,13,20,13,100,81,18,42,18,652,NULL,NULL,NULL,NULL,NULL
"Joshua King","Watford",25,"FW",5,3,7,60,185,24,30,35,134,54,27,93,36,864,NULL,NULL,NULL,NULL,NULL
"Juan Mata","Manchester Utd",2.6,"MF",0,0,0,6,26,6,9,2,15,9,2,0,4,240,NULL,NULL,NULL,NULL,NULL
"Junior Firpo","Leeds United",19,"DF",0,2,4,43,133,27,74,24,103,108,46,32,10,1161,NULL,NULL,NULL,NULL,NULL
"Juraj Kucka","Watford",21.3,"MF",1,1,2,37,141,10,57,10,135,132,50,55,21,1037,NULL,NULL,NULL,NULL,NULL
"Jürgen Locadia","Brighton",0.3,"FW",0,0,0,0,1,0,0,0,3,1,0,0,1,6,NULL,NULL,NULL,NULL,NULL
"Kai Havertz","Chelsea",20.1,"FWMF",8,3,7,53,166,20,46,20,95,56,30,40,21,975,NULL,NULL,NULL,NULL,NULL
"Kaide Gordon","Liverpool",0.1,"FW",0,0,0,0,1,0,0,0,3,0,0,0,0,8,NULL,NULL,NULL,NULL,NULL
"Kalvin Phillips","Leeds United",17.7,"MF",0,1,4,23,140,7,73,8,149,118,30,23,8,1170,NULL,NULL,NULL,NULL,NULL
"Karl Darlow","Newcastle Utd",8,"GK",0,0,0,0,16,0,0,0,0,0,1,0,0,269,25,0,75,8,4
"Kasey McAteer","Leicester City",0,"FW",0,0,0,0,0,0,0,0,1,0,0,0,0,2,NULL,NULL,NULL,NULL,NULL
"Kasper Schmeichel","Leicester City",37,"GK",0,0,2,5,74,0,2,1,0,0,1,0,1,1353,125,7,256,19,16
"Kayky Chagas","Manchester City",0.1,"FW",0,0,0,0,0,0,0,0,0,0,0,0,0,3,NULL,NULL,NULL,NULL,NULL
"Keinan Davis","Aston Villa",0.1,"FW",0,0,0,0,0,0,1,0,0,0,0,0,0,7,NULL,NULL,NULL,NULL,NULL
"Kelechi Iheanacho","Leicester City",14,"FW",4,5,8,36,100,10,32,17,65,29,10,15,15,540,NULL,NULL,NULL,NULL,NULL
"Ken Sema","Watford",9.5,"MFFW",0,0,0,20,44,18,4,11,43,32,18,10,14,322,NULL,NULL,NULL,NULL,NULL
"Kenedy","Chelsea",0.6,"DF",0,1,1,3,5,3,7,2,2,4,0,0,0,60,NULL,NULL,NULL,NULL,NULL
"Kenny McLean","Norwich City",30.1,"MF",1,0,2,34,220,26,83,8,115,111,55,86,17,1358,NULL,NULL,NULL,NULL,NULL
"Kepa Arrizabalaga","Chelsea",4,"GK",0,0,0,0,18,0,0,0,0,0,0,0,0,149,11,2,16,1,5
"Kevin De Bruyne","Manchester City",24.5,"MF",15,8,14,139,207,101,157,88,98,62,18,15,24,1822,NULL,NULL,NULL,NULL,NULL
"Kevin Long","Burnley",4.6,"DF",0,0,0,1,15,0,1,0,13,20,15,14,0,139,NULL,NULL,NULL,NULL,NULL
"Ki-Jana Hoever","Wolves",3.4,"DF",0,0,0,3,15,8,8,1,25,21,8,4,1,200,NULL,NULL,NULL,NULL,NULL
"Kieran Dowell","Norwich City",10.1,"FWMF",1,1,1,23,71,20,24,16,49,26,2,13,4,421,NULL,NULL,NULL,NULL,NULL
"Kieran Tierney","Arsenal",21.3,"DF",1,3,3,38,97,72,76,22,49,78,46,16,11,1346,NULL,NULL,NULL,NULL,NULL
"Kieran Trippier","Newcastle Utd",4.8,"DF",2,0,1,9,35,11,18,7,18,36,18,12,1,336,NULL,NULL,NULL,NULL,NULL
"Kiernan Dewsbury-Hall","Leicester City",23.4,"MF",1,2,6,66,251,50,98,34,113,98,28,23,26,1509,NULL,NULL,NULL,NULL,NULL
"Kiko Femenía","Watford",23.8,"DF",0,5,6,39,104,55,79,24,75,128,61,21,8,1424,NULL,NULL,NULL,NULL,NULL
"Kortney Hause","Aston Villa",4.4,"DF",1,0,0,0,29,1,6,0,21,23,19,20,2,249,NULL,NULL,NULL,NULL,NULL
"Kostas Tsimikas","Liverpool",9.7,"DF",0,2,3,37,65,57,45,26,47,39,22,10,9,798,NULL,NULL,NULL,NULL,NULL
"Kristoffer Ajer","Brentford",22.2,"DF",1,3,6,28,138,12,75,6,73,107,81,63,11,1108,NULL,NULL,NULL,NULL,NULL
"Kristoffer Klaesson","Leeds United",0.4,"GK",0,0,0,0,1,0,0,0,0,0,0,0,0,14,4,0,2,1,0
"Kurt Zouma","West Ham",23.1,"DF",1,0,0,6,69,2,31,0,35,90,140,55,2,1206,NULL,NULL,NULL,NULL,NULL
"Kyle Walker","Manchester City",19.5,"DF",0,2,5,36,118,28,86,13,56,61,24,21,8,1769,NULL,NULL,NULL,NULL,NULL
"Kyle Walker-Peters","Southampton",29.3,"DF",1,2,8,61,219,33,124,23,111,136,44,32,51,1735,NULL,NULL,NULL,NULL,NULL
"Leander Dendoncker","Wolves",21.7,"MF",2,2,8,28,128,9,37,11,120,95,33,40,7,1013,NULL,NULL,NULL,NULL,NULL
"Leandro Trossard","Brighton",31.2,"FWMF",8,3,10,92,243,62,123,46,156,95,8,10,59,1598,NULL,NULL,NULL,NULL,NULL
"Leo Fuhr Hjelde","Leeds United",1.7,"DF",0,0,0,3,23,3,5,1,11,9,8,4,0,129,NULL,NULL,NULL,NULL,NULL
"Leon Bailey","Aston Villa",8.5,"FWMF",1,2,3,21,39,21,20,8,48,28,3,9,14,355,NULL,NULL,NULL,NULL,NULL
"Lewis Bate","Leeds United",1.6,"MF",0,0,0,2,11,0,4,0,10,7,2,1,1,79,NULL,NULL,NULL,NULL,NULL
"Lewis Brunt","Leicester City",0.3,"MF",0,0,0,0,3,0,0,0,0,1,0,0,0,25,NULL,NULL,NULL,NULL,NULL
"Lewis Dobbin","Everton",0.4,"FWMF",0,0,0,0,2,1,1,0,5,3,0,0,0,13,NULL,NULL,NULL,NULL,NULL
"Lewis Dunk","Brighton",28.6,"DF",1,0,2,15,140,6,54,2,48,99,119,91,5,2123,NULL,NULL,NULL,NULL,NULL
"Liam Cooper","Leeds United",20.2,"DF",0,1,2,9,120,1,44,3,74,90,117,92,3,1351,NULL,NULL,NULL,NULL,NULL
"Liam Delap","Manchester City",0.1,"FW",0,0,0,1,1,0,0,0,0,0,0,0,0,1,NULL,NULL,NULL,NULL,NULL
"Liam McCarron","Leeds United",0.1,"FW",0,0,0,0,2,0,0,0,0,0,0,0,0,2,NULL,NULL,NULL,NULL,NULL
"Lucas Digne","Aston Villa",14.1,"DF",0,4,7,46,107,62,56,29,34,71,42,25,4,986,NULL,NULL,NULL,NULL,NULL
"Lucas Digne","Everton",13,"DF",0,0,0,33,90,34,49,20,43,76,30,25,6,823,NULL,NULL,NULL,NULL,NULL
"Lucas Moura","Tottenham",19.7,"FWMF",2,6,9,63,159,26,82,33,68,54,21,48,40,1047,NULL,NULL,NULL,NULL,NULL
"Luis Díaz","Liverpool",10.6,"FW",4,3,4,49,75,22,41,16,59,23,2,10,32,595,NULL,NULL,NULL,NULL,NULL
"Luka Milivojević","Crystal Palace",8.6,"MF",0,0,0,15,52,15,34,10,45,31,23,17,2,555,NULL,NULL,NULL,NULL,NULL
"Lukas Rupp","Norwich City",8.5,"MF",0,0,0,27,71,4,29,9,53,33,4,6,13,495,NULL,NULL,NULL,NULL,NULL
"Łukasz Fabiański","West Ham",37,"GK",0,0,0,3,76,0,0,1,1,0,0,0,0,1078,105,8,241,14,9
"Luke Ayling","Leeds United",25.2,"DF",2,2,3,22,209,25,125,8,137,148,68,49,25,1861,NULL,NULL,NULL,NULL,NULL
"Luke Cundle","Wolves",2,"MF",0,0,0,3,12,0,7,2,9,6,2,0,0,118,NULL,NULL,NULL,NULL,NULL
"Luke Shaw","Manchester Utd",17.8,"DF",0,3,6,64,146,44,78,39,55,68,22,22,10,1321,NULL,NULL,NULL,NULL,NULL
"Luke Thomas","Leicester City",21.2,"DF",0,1,1,20,168,23,73,11,105,126,48,30,14,1523,NULL,NULL,NULL,NULL,NULL
"Lyanco","Southampton",10.1,"DF",0,0,1,9,53,3,19,3,43,71,66,21,6,513,NULL,NULL,NULL,NULL,NULL
"Mads Bech Sørensen","Brentford",9.3,"DF",0,0,0,9,37,19,15,7,29,26,28,14,0,562,NULL,NULL,NULL,NULL,NULL
"Mads Bidstrup","Brentford",0.5,"MF",0,0,0,0,1,0,0,0,8,4,2,0,0,23,NULL,NULL,NULL,NULL,NULL
"Mads Roerslev","Brentford",13.8,"DF",1,1,3,16,46,23,26,9,43,61,30,16,3,497,NULL,NULL,NULL,NULL,NULL
"Malang Sarr","Chelsea",6.1,"DF",0,0,1,7,40,4,20,3,23,25,26,14,0,539,NULL,NULL,NULL,NULL,NULL
"Manuel Lanzini","West Ham",19.8,"MFFW",5,3,10,55,173,12,86,23,95,68,7,7,17,1379,NULL,NULL,NULL,NULL,NULL
"Marc Albrighton","Leicester City",12.6,"FWDF",1,2,2,19,96,31,32,12,63,68,10,6,16,688,NULL,NULL,NULL,NULL,NULL
"Marc Cucurella","Brighton",34.3,"DF",1,1,2,78,328,94,175,43,201,206,66,54,31,2691,NULL,NULL,NULL,NULL,NULL
"Marc Guéhi","Crystal Palace",35.8,"DF",2,1,2,21,178,2,100,5,91,125,139,85,12,2579,NULL,NULL,NULL,NULL,NULL
"Marcos Alonso","Chelsea",24.1,"DF",4,4,9,89,234,64,107,44,85,133,55,59,19,1787,NULL,NULL,NULL,NULL,NULL
"Marcus Forss","Brentford",2.3,"FWMF",0,1,1,2,12,1,5,0,21,7,0,5,2,69,NULL,NULL,NULL,NULL,NULL
"Marcus Rashford","Manchester Utd",13.7,"FWMF",4,2,3,29,77,25,26,9,76,29,6,15,20,589,NULL,NULL,NULL,NULL,NULL
"Mark Noble","West Ham",3.7,"MF",1,0,0,5,25,0,9,2,21,16,3,1,1,305,NULL,NULL,NULL,NULL,NULL
"Martin Dúbravka","Newcastle Utd",26,"GK",0,0,0,2,59,0,0,2,1,0,0,0,0,897,71,8,222,17,9
"Martin Ødegaard","Arsenal",30.9,"MF",7,4,12,134,247,26,158,76,154,65,12,17,22,1870,NULL,NULL,NULL,NULL,NULL
"Martinelli","Arsenal",20.7,"FWMF",6,6,11,70,94,48,31,34,99,81,15,30,31,911,NULL,NULL,NULL,NULL,NULL
"Marvelous Nakamba","Aston Villa",10,"MF",0,0,0,6,49,1,27,3,59,58,16,11,7,476,NULL,NULL,NULL,NULL,NULL
"Mason Greenwood","Manchester Utd",14.1,"FWMF",5,1,7,44,97,25,36,15,40,17,5,6,29,662,NULL,NULL,NULL,NULL,NULL
"Mason Holgate","Everton",23.7,"DF",2,1,1,3,115,3,38,2,78,98,127,76,1,1058,NULL,NULL,NULL,NULL,NULL
"Mason Mount","Chelsea",26.3,"MFFW",11,10,15,111,215,79,122,58,161,72,11,11,22,1576,NULL,NULL,NULL,NULL,NULL
"Matěj Vydra","Burnley",7.5,"FW",2,3,3,12,31,3,4,6,40,16,9,19,5,212,NULL,NULL,NULL,NULL,NULL
"Mateo Kovačić","Chelsea",17.3,"MF",2,5,6,58,155,5,113,26,115,78,13,5,31,1373,NULL,NULL,NULL,NULL,NULL
"Mateusz Klich","Leeds United",23,"MF",1,2,6,68,142,28,93,30,150,81,24,8,19,1244,NULL,NULL,NULL,NULL,NULL
"Mathias Jensen","Brentford",17.8,"MF",0,1,3,57,124,32,69,37,133,94,14,10,12,955,NULL,NULL,NULL,NULL,NULL
"Mathias Jørgensen","Brentford",5.8,"DF",1,0,0,6,32,8,17,2,13,20,14,18,0,382,NULL,NULL,NULL,NULL,NULL
"Mathias Normann","Norwich City",18.3,"MF",1,2,3,34,120,15,67,13,66,75,43,32,20,991,NULL,NULL,NULL,NULL,NULL
"Matt Doherty","Tottenham",9.7,"DF",2,4,4,23,72,20,36,14,42,53,15,17,6,644,NULL,NULL,NULL,NULL,NULL
"Matt Ritchie","Newcastle Utd",14.9,"DF",0,2,3,40,74,45,48,29,47,65,26,14,3,827,NULL,NULL,NULL,NULL,NULL
"Matt Targett","Aston Villa",15.9,"DF",1,1,1,27,100,41,94,22,44,94,25,31,1,965,NULL,NULL,NULL,NULL,NULL
"Matt Targett","Newcastle Utd",16,"DF",0,0,1,34,98,30,52,20,56,76,43,24,9,938,NULL,NULL,NULL,NULL,NULL
"Matthew Lowton","Burnley",19.7,"DF",1,2,2,33,91,39,80,14,61,105,68,31,9,1077,NULL,NULL,NULL,NULL,NULL
"Matty Cash","Aston Villa",37.5,"DF",4,3,7,54,165,94,91,25,142,225,95,44,21,2069,NULL,NULL,NULL,NULL,NULL
"Max Aarons","Norwich City",32,"DF",0,2,5,38,173,45,94,19,113,179,69,15,33,1854,NULL,NULL,NULL,NULL,NULL
"Max Kilman","Wolves",29.9,"DF",1,0,1,9,153,2,92,2,92,149,118,86,13,1778,NULL,NULL,NULL,NULL,NULL
"Maxwel Cornet","Burnley",19.6,"FWMF",9,1,6,27,118,22,23,14,84,36,16,40,13,681,NULL,NULL,NULL,NULL,NULL
"Michael Keane","Everton",31,"DF",3,2,1,14,179,0,73,4,93,148,149,121,5,1486,NULL,NULL,NULL,NULL,NULL
"Michael Olise","Crystal Palace",12.7,"FWMF",2,5,7,38,94,48,65,24,69,50,9,9,24,832,NULL,NULL,NULL,NULL,NULL
"Michail Antonio","West Ham",33,"FW",10,8,17,102,220,54,43,46,133,63,17,81,45,1190,NULL,NULL,NULL,NULL,NULL
"Miguel Almirón","Newcastle Utd",19.1,"MFFW",1,0,5,45,86,22,38,16,109,80,12,5,18,742,NULL,NULL,NULL,NULL,NULL
"Milot Rashica","Norwich City",24.8,"FWMF",1,2,4,56,108,80,41,37,93,84,20,17,24,949,NULL,NULL,NULL,NULL,NULL
"Mohamed Elneny","Arsenal",9,"MF",0,2,2,13,59,0,24,9,38,36,12,11,0,625,NULL,NULL,NULL,NULL,NULL
"Mohamed Elyounoussi","Southampton",22.7,"MFFW",4,2,5,52,163,35,49,29,156,89,24,35,18,954,NULL,NULL,NULL,NULL,NULL
"Mohamed Salah","Liverpool",30.7,"FW",23,13,25,133,199,51,123,61,127,35,4,13,57,1583,NULL,NULL,NULL,NULL,NULL
"Mohammed Salisu","Southampton",33,"DF",0,0,3,27,267,26,118,8,148,222,196,128,9,2244,NULL,NULL,NULL,NULL,NULL
"Moise Kean","Everton",0,"FW",0,0,0,0,0,0,0,0,0,0,0,0,0,2,NULL,NULL,NULL,NULL,NULL
"Moisés Caicedo","Brighton",7.3,"MF",1,1,2,10,72,2,21,5,44,37,11,11,9,357,NULL,NULL,NULL,NULL,NULL
"Morgan Gibbs-White","Wolves",0.1,"FWMF",0,0,0,0,1,0,1,0,0,1,0,0,0,13,NULL,NULL,NULL,NULL,NULL
"Morgan Sanson","Aston Villa",4,"MF",0,0,0,3,32,6,10,1,46,34,2,2,6,219,NULL,NULL,NULL,NULL,NULL
"Moussa Djenepo","Southampton",5.1,"MF",0,0,1,16,26,6,23,6,25,26,3,2,13,252,NULL,NULL,NULL,NULL,NULL
"Moussa Sissoko","Watford",35.8,"MF",2,1,4,62,231,24,112,33,160,137,72,85,45,1532,NULL,NULL,NULL,NULL,NULL
"N'Golo Kanté","Chelsea",19.7,"MF",2,4,13,61,195,11,117,23,134,115,14,18,31,1521,NULL,NULL,NULL,NULL,NULL
"Naby Keïta","Liverpool",13,"MF",3,1,6,43,117,7,78,16,107,72,4,8,15,930,NULL,NULL,NULL,NULL,NULL
"Nampalys Mendy","Leicester City",11.5,"MF",0,0,3,6,106,0,21,1,56,41,9,6,3,737,NULL,NULL,NULL,NULL,NULL
"Nathan Aké","Manchester City",10.3,"DF",2,0,0,3,71,0,31,2,23,35,31,41,0,936,NULL,NULL,NULL,NULL,NULL
"Nathan Collins","Burnley",18.6,"DF",2,0,1,17,102,4,45,7,54,108,102,83,3,874,NULL,NULL,NULL,NULL,NULL
"Nathan Ferguson","Crystal Palace",0.1,"DF",0,0,0,0,1,0,0,0,0,0,0,0,0,5,NULL,NULL,NULL,NULL,NULL
"Nathan Redmond","Southampton",20.4,"MFFW",1,5,8,66,155,51,78,34,100,68,18,16,22,916,NULL,NULL,NULL,NULL,NULL
"Nathan Tella","Southampton",8.9,"MFFW",0,1,3,18,41,9,12,7,68,42,7,8,11,354,NULL,NULL,NULL,NULL,NULL
"Nathan Young-Coombes","Brentford",0,"FW",0,0,0,0,0,0,0,0,0,0,0,0,0,1,NULL,NULL,NULL,NULL,NULL
"Nathaniel Clyne","Crystal Palace",15,"DF",0,1,2,11,103,13,22,6,43,54,31,12,3,825,NULL,NULL,NULL,NULL,NULL
"Neal Maupay","Brighton",25.3,"FW",8,2,3,64,168,5,35,23,143,43,3,24,29,885,NULL,NULL,NULL,NULL,NULL
"Neco Williams","Liverpool",0.1,"DF",0,1,2,2,2,1,0,1,0,0,0,0,2,8,NULL,NULL,NULL,NULL,NULL
"Nélson Semedo","Wolves",23.7,"DF",0,1,1,37,168,26,72,16,108,126,57,20,31,1467,NULL,NULL,NULL,NULL,NULL
"Nemanja Matić","Manchester Utd",15.4,"MF",0,4,5,28,168,5,87,13,70,94,31,34,11,1185,NULL,NULL,NULL,NULL,NULL
"Nick Pope","Burnley",36,"GK",0,0,0,8,50,0,0,3,1,0,4,0,1,1212,116,9,319,36,63
"Nicolas Nkoulou","Watford",1.9,"DF",0,0,0,1,0,0,1,1,5,6,10,1,1,72,NULL,NULL,NULL,NULL,NULL
"Nicolas Pépé","Arsenal",7.7,"FWMF",1,2,4,28,68,11,14,13,35,33,3,17,20,510,NULL,NULL,NULL,NULL,NULL
"Nikola Vlašić","West Ham",6.2,"FWMF",1,0,0,18,69,15,13,8,35,27,2,6,7,290,NULL,NULL,NULL,NULL,NULL
"Nuno Tavares","Arsenal",13.1,"DF",1,1,3,26,82,32,28,9,47,57,30,26,20,888,NULL,NULL,NULL,NULL,NULL
"Odsonne Édouard","Crystal Palace",17.4,"FW",6,3,3,39,138,8,36,19,106,47,17,46,23,683,NULL,NULL,NULL,NULL,NULL
"Oghenekaro Etebo","Watford",4.5,"MF",0,0,0,4,18,1,12,2,22,23,6,2,4,194,NULL,NULL,NULL,NULL,NULL
"Oleksandr Zinchenko","Manchester City",11.6,"DF",0,4,10,42,91,28,98,16,31,47,13,17,6,1153,NULL,NULL,NULL,NULL,NULL
"Oliver Skipp","Tottenham",15,"MF",0,0,3,22,97,5,69,7,71,62,14,12,2,952,NULL,NULL,NULL,NULL,NULL
"Ollie Watkins","Aston Villa",32.8,"FW",11,2,8,72,189,23,48,32,141,73,26,88,30,1099,NULL,NULL,NULL,NULL,NULL
"Oriol Romeu","Southampton",32.1,"MF",2,2,4,67,346,7,125,35,191,166,52,73,24,1996,NULL,NULL,NULL,NULL,NULL
"Ozan Kabak","Norwich City",10.2,"DF",0,0,0,10,74,0,18,2,38,52,29,29,14,514,NULL,NULL,NULL,NULL,NULL
"Ozan Tufan","Watford",3.7,"MF",0,0,0,7,30,3,11,4,9,9,4,4,2,151,NULL,NULL,NULL,NULL,NULL
"Pablo Fornals","West Ham",31.1,"FWMF",6,3,9,87,241,49,162,47,179,133,16,29,25,1709,NULL,NULL,NULL,NULL,NULL
"Pablo Marí","Arsenal",2,"DF",0,0,0,1,8,0,8,1,4,14,11,5,1,114,NULL,NULL,NULL,NULL,NULL
"Pascal Groß","Brighton",22.6,"MFDF",2,4,7,91,163,66,103,60,118,75,24,19,10,1501,NULL,NULL,NULL,NULL,NULL
"Pascal Struijk","Leeds United",22.8,"DF",1,0,2,19,143,0,72,6,140,155,82,47,4,1502,NULL,NULL,NULL,NULL,NULL
"Patrick Bamford","Leeds United",6.2,"FW",2,2,3,12,19,4,7,6,38,11,8,5,4,175,NULL,NULL,NULL,NULL,NULL
"Patson Daka","Leicester City",12.9,"FW",5,3,7,24,69,4,12,12,77,25,8,22,3,382,NULL,NULL,NULL,NULL,NULL
"Paul Dummett","Newcastle Utd",2.2,"DF",0,0,0,1,7,3,3,0,12,11,9,3,0,91,NULL,NULL,NULL,NULL,NULL
"Paul Pogba","Manchester Utd",15,"MFFW",1,9,11,51,184,15,94,24,76,48,25,39,40,1086,NULL,NULL,NULL,NULL,NULL
"Pedro Neto","Wolves",5.2,"FWMF",1,1,1,23,36,23,10,13,22,12,1,3,9,307,NULL,NULL,NULL,NULL,NULL
"Phil Foden","Manchester City",23.6,"FW",9,5,13,83,174,59,76,40,135,44,1,8,39,1327,NULL,NULL,NULL,NULL,NULL
"Phil Jones","Manchester Utd",1.8,"DF",0,0,0,2,7,0,5,1,4,12,9,1,0,100,NULL,NULL,NULL,NULL,NULL
"Philippe Coutinho","Aston Villa",14.8,"MFFW",5,3,6,54,114,13,60,25,48,36,3,6,27,824,NULL,NULL,NULL,NULL,NULL
"Pierre-Emerick Aubameyang","Arsenal",11.5,"FW",4,1,3,23,62,9,13,9,53,27,3,28,2,322,NULL,NULL,NULL,NULL,NULL
"Pierre Højbjerg","Tottenham",35.5,"MF",2,2,5,81,294,21,203,30,176,192,61,35,40,2845,NULL,NULL,NULL,NULL,NULL
"Pierre Lees-Melou","Norwich City",25.2,"MF",1,0,1,52,188,30,99,25,162,123,20,15,15,1272,NULL,NULL,NULL,NULL,NULL
"Pontus Jansson","Brentford",36.9,"DF",3,1,4,15,148,1,53,4,75,150,208,131,3,1840,NULL,NULL,NULL,NULL,NULL
"Przemysław Płacheta","Norwich City",5.6,"FWMF",0,0,0,14,32,10,12,4,25,19,5,3,6,223,NULL,NULL,NULL,NULL,NULL
"Raheem Sterling","Manchester City",23.6,"FW",13,5,11,90,144,52,75,41,93,48,3,5,49,1202,NULL,NULL,NULL,NULL,NULL
"Raphaël Varane","Manchester Utd",20.3,"DF",1,1,2,10,106,0,41,4,58,83,95,63,2,1295,NULL,NULL,NULL,NULL,NULL
"Raphinha","Leeds United",32.4,"FWMF",11,3,9,119,185,90,169,65,136,127,23,25,59,1794,NULL,NULL,NULL,NULL,NULL
"Raúl Jiménez","Wolves",29.2,"FW",6,4,15,67,230,20,50,33,108,78,27,74,38,1210,NULL,NULL,NULL,NULL,NULL
"Rayan Aït Nouri","Wolves",20.3,"DF",1,2,6,44,135,56,49,17,135,115,32,20,40,1281,NULL,NULL,NULL,NULL,NULL
"Reece James","Chelsea",20.7,"DF",5,9,11,79,260,82,120,47,93,73,21,22,34,1877,NULL,NULL,NULL,NULL,NULL
"Reiss Nelson","Arsenal",0.2,"FW",0,0,0,3,0,0,1,1,2,1,0,0,0,16,NULL,NULL,NULL,NULL,NULL
"Ricardo Pereira","Leicester City",11,"DF",1,3,6,23,89,17,38,10,62,77,32,23,10,798,NULL,NULL,NULL,NULL,NULL
"Richarlison","Everton",28,"FWMF",10,5,8,62,214,29,34,26,144,96,32,57,33,1053,NULL,NULL,NULL,NULL,NULL
"Rico Henry","Brentford",30.8,"DF",3,0,1,41,186,50,78,18,106,160,62,37,23,1546,NULL,NULL,NULL,NULL,NULL
"Riyad Mahrez","Manchester City",16.6,"FW",11,5,7,64,120,54,61,41,58,35,2,12,26,1116,NULL,NULL,NULL,NULL,NULL
"Rob Holding","Arsenal",9.4,"DF",1,0,0,3,62,0,14,0,19,47,50,28,1,579,NULL,NULL,NULL,NULL,NULL
"Robert Sánchez","Brighton",37,"GK",0,0,0,4,117,0,1,3,1,2,0,0,0,1597,100,11,196,37,30
"Roberto Firmino","Liverpool",11,"FW",5,4,6,37,118,8,35,18,85,45,3,13,17,669,NULL,NULL,NULL,NULL,NULL
"Robin Koch","Leeds United",17.5,"MFDF",0,0,1,18,129,2,37,6,100,87,46,54,4,862,NULL,NULL,NULL,NULL,NULL
"Robin Olsen","Aston Villa",1,"GK",0,0,1,1,1,0,0,0,0,0,0,0,0,49,2,0,11,1,0
"Rodri","Manchester City",32,"MF",7,2,3,75,464,8,179,25,171,134,54,91,9,3096,NULL,NULL,NULL,NULL,NULL
"Rodrigo","Leeds United",25.2,"MFFW",6,1,4,73,189,28,76,40,118,52,27,29,15,1177,NULL,NULL,NULL,NULL,NULL
"Rodrigo Bentancur","Tottenham",15.1,"MF",0,4,7,35,134,10,68,15,79,65,28,25,13,1181,NULL,NULL,NULL,NULL,NULL
"Romain Perraud","Southampton",18,"DF",0,1,3,27,101,49,44,10,85,74,46,18,9,955,NULL,NULL,NULL,NULL,NULL
"Romain Saïss","Wolves",30.1,"DF",2,0,0,15,166,7,120,6,103,180,173,84,5,2111,NULL,NULL,NULL,NULL,NULL
"Romelu Lukaku","Chelsea",17.7,"FW",8,0,5,44,119,9,16,21,55,14,21,48,15,504,NULL,NULL,NULL,NULL,NULL
"Ross Barkley","Chelsea",2,"MF",1,0,3,18,32,1,11,8,3,4,0,6,5,152,NULL,NULL,NULL,NULL,NULL
"Rúben Dias","Manchester City",26.7,"DF",2,4,6,30,161,5,106,12,68,93,78,53,2,2427,NULL,NULL,NULL,NULL,NULL
"Ruben Loftus-Cheek","Chelsea",15.5,"MFDF",0,2,7,52,153,10,79,16,84,56,22,41,35,1184,NULL,NULL,NULL,NULL,NULL
"Rúben Neves","Wolves",29.6,"MF",4,2,3,55,323,21,146,23,145,141,54,26,28,2235,NULL,NULL,NULL,NULL,NULL
"Ryan Bertrand","Leicester City",3.7,"DF",0,0,0,2,24,1,7,2,25,18,7,3,0,228,NULL,NULL,NULL,NULL,NULL
"Ryan Fraser","Newcastle Utd",16.3,"FWMF",2,3,6,47,61,61,26,25,42,34,9,7,2,603,NULL,NULL,NULL,NULL,NULL
"Ryan Fredericks","West Ham",3.4,"DF",0,0,0,2,13,8,4,2,5,12,9,6,0,176,NULL,NULL,NULL,NULL,NULL
"Ryan Sessegnon","Tottenham",11.6,"DF",0,2,4,21,56,26,35,15,57,63,22,13,5,569,NULL,NULL,NULL,NULL,NULL
"Sadio Mané","Liverpool",31.3,"FW",16,2,13,97,233,51,103,36,143,69,10,29,49,1556,NULL,NULL,NULL,NULL,NULL
"Saïd Benrahma","West Ham",24.1,"FWMF",8,6,8,69,151,64,61,31,94,57,7,15,34,1138,NULL,NULL,NULL,NULL,NULL
"Salomón Rondón","Everton",8.8,"FW",1,1,1,17,73,3,4,7,50,12,11,44,4,293,NULL,NULL,NULL,NULL,NULL
"Sam Byram","Norwich City",11.4,"DF",0,0,2,11,50,8,25,4,34,84,51,35,2,646,NULL,NULL,NULL,NULL,NULL
"Sam Greenwood","Leeds United",2.6,"MFFW",0,2,2,6,20,4,8,4,16,6,3,2,1,111,NULL,NULL,NULL,NULL,NULL
"Saman Ghoddos","Brentford",6,"DFMF",1,1,2,25,25,14,19,6,26,28,13,8,4,298,NULL,NULL,NULL,NULL,NULL
"Samir Santos","Watford",18.6,"DF",0,0,0,4,86,0,22,2,53,101,82,55,0,856,NULL,NULL,NULL,NULL,NULL
"Samuel Kalu","Watford",2.5,"FW",0,0,0,6,20,4,7,1,6,10,3,2,2,100,NULL,NULL,NULL,NULL,NULL
"Saúl Ñíguez","Chelsea",5.3,"MFDF",0,0,0,8,33,6,7,3,29,35,7,9,3,428,NULL,NULL,NULL,NULL,NULL
"Scott McTominay","Manchester Utd",26.5,"MF",1,1,6,45,209,8,99,19,132,128,65,73,33,1584,NULL,NULL,NULL,NULL,NULL
"Sead Kolašinac","Arsenal",1,"DF",0,0,0,0,0,0,0,0,3,7,8,2,0,27,NULL,NULL,NULL,NULL,NULL
"Séamus Coleman","Everton",29.5,"DF",1,0,4,38,179,40,84,12,124,155,75,34,26,1550,NULL,NULL,NULL,NULL,NULL
"Sean Longstaff","Newcastle Utd",16.3,"MF",1,1,4,24,130,5,37,6,108,80,22,14,3,775,NULL,NULL,NULL,NULL,NULL
"Sergi Canós","Brentford",23.1,"DF",3,2,5,35,133,52,77,17,113,95,38,14,24,1036,NULL,NULL,NULL,NULL,NULL
"Sergio Reguilón","Tottenham",21.3,"DF",2,3,5,52,98,59,52,30,89,102,43,31,18,1252,NULL,NULL,NULL,NULL,NULL
"Shandon Baptiste","Brentford",10.1,"MF",1,0,2,17,58,5,21,9,68,40,11,11,14,412,NULL,NULL,NULL,NULL,NULL
"Shane Duffy","Brighton",16,"DF",1,0,2,8,82,0,35,3,19,62,91,81,2,1192,NULL,NULL,NULL,NULL,NULL
"Shane Long","Southampton",3.4,"FW",1,0,0,5,35,4,7,2,24,7,1,27,2,140,NULL,NULL,NULL,NULL,NULL
"Shola Shoretire","Manchester Utd",0.2,"FW",0,0,0,0,1,0,0,0,0,0,0,0,0,6,NULL,NULL,NULL,NULL,NULL
"Solly March","Brighton",19.4,"DFFW",0,2,4,67,133,63,55,35,72,86,23,22,25,984,NULL,NULL,NULL,NULL,NULL
"Son Heung-min","Tottenham",33.4,"FWMF",23,7,15,129,183,65,76,71,96,73,11,15,51,1578,NULL,NULL,NULL,NULL,NULL
"Sonny Perkins","West Ham",0,"FW",0,0,0,0,1,0,0,0,1,0,0,1,0,1,NULL,NULL,NULL,NULL,NULL
"Steven Alzate","Brighton",4.5,"MF",0,0,1,7,33,2,17,3,20,27,10,7,5,287,NULL,NULL,NULL,NULL,NULL
"Steven Bergwijn","Tottenham",6.3,"FWMF",3,1,3,20,32,6,15,8,16,12,9,1,10,274,NULL,NULL,NULL,NULL,NULL
"Stuart Armstrong","Southampton",16.4,"MF",2,0,2,51,124,32,68,25,85,46,15,5,26,938,NULL,NULL,NULL,NULL,NULL
"Stuart Dallas","Leeds United",32.4,"DFMF",1,1,3,64,221,43,128,34,177,189,66,40,20,2052,NULL,NULL,NULL,NULL,NULL
"Stuart McKinstry","Leeds United",0,"MF",0,0,0,0,2,0,0,0,1,0,0,0,0,5,NULL,NULL,NULL,NULL,NULL
"Takehiro Tomiyasu","Arsenal",18.7,"DF",0,1,4,30,122,27,55,12,70,90,48,57,7,1305,NULL,NULL,NULL,NULL,NULL
"Takumi Minamino","Liverpool",2.1,"FWMF",3,0,1,7,15,0,6,2,22,6,1,3,1,101,NULL,NULL,NULL,NULL,NULL
"Tanguy Ndombele","Tottenham",5.4,"MF",1,1,1,13,34,2,20,4,26,15,3,2,13,352,NULL,NULL,NULL,NULL,NULL
"Tariq Lamptey","Brighton",17.3,"DFFW",0,2,2,47,113,72,43,21,74,82,19,9,28,1043,NULL,NULL,NULL,NULL,NULL
"Tariqe Fosu","Brentford",0.2,"DF",0,0,0,0,0,1,1,0,0,1,0,0,0,11,NULL,NULL,NULL,NULL,NULL
"Taylor Richards","Brighton",0.3,"MFFW",0,0,0,1,2,0,2,0,5,0,0,0,0,32,NULL,NULL,NULL,NULL,NULL
"Teemu Pukki","Norwich City",36.1,"FW",11,3,4,60,105,25,24,25,175,49,4,16,30,845,NULL,NULL,NULL,NULL,NULL
"Theo Walcott","Southampton",4.2,"MFFW",0,0,1,4,13,4,3,1,17,15,2,3,1,130,NULL,NULL,NULL,NULL,NULL
"Thiago Alcántara","Liverpool",17,"MF",1,4,6,61,215,2,175,28,117,101,18,37,15,1666,NULL,NULL,NULL,NULL,NULL
"Thiago Silva","Chelsea",29.4,"DF",3,0,1,26,201,1,134,7,57,153,114,68,4,2813,NULL,NULL,NULL,NULL,NULL
"Thomas Partey","Arsenal",22.5,"MF",2,1,3,51,154,3,116,18,103,102,32,23,29,1425,NULL,NULL,NULL,NULL,NULL
"Tim Iroegbunam","Aston Villa",1,"MF",0,0,0,0,7,0,4,0,8,5,1,3,0,33,NULL,NULL,NULL,NULL,NULL
"Tim Krul","Norwich City",29,"GK",0,0,0,5,72,0,1,2,2,1,0,0,0,1144,101,5,191,10,10
"Timo Werner","Chelsea",14.3,"FWMF",4,1,4,26,75,28,17,9,64,19,3,9,13,563,NULL,NULL,NULL,NULL,NULL
"Timothy Castagne","Leicester City",23.6,"DF",1,0,1,25,192,27,69,14,108,120,65,44,13,1565,NULL,NULL,NULL,NULL,NULL
"Todd Cantwell","Norwich City",4.9,"FWMF",0,0,0,5,21,3,10,2,25,17,3,4,5,215,NULL,NULL,NULL,NULL,NULL
"Tom Cleverley","Watford",18,"MF",0,2,3,35,99,19,43,19,106,82,19,18,4,781,NULL,NULL,NULL,NULL,NULL
"Tom Davies","Everton",2.6,"MF",1,0,0,4,22,0,8,0,13,14,7,5,2,120,NULL,NULL,NULL,NULL,NULL
"Tomáš Souček","West Ham",34,"MF",5,1,4,34,253,13,100,16,129,145,119,140,8,1745,NULL,NULL,NULL,NULL,NULL
"Tony Springett","Norwich City",1.6,"FWMF",0,0,0,3,3,2,3,1,6,2,1,1,2,54,NULL,NULL,NULL,NULL,NULL
"Toti Gomes","Wolves",4,"DF",0,0,0,0,25,1,10,0,15,23,20,15,3,241,NULL,NULL,NULL,NULL,NULL
"Trent Alexander-Arnold","Liverpool",31.7,"DF",2,12,17,150,237,127,278,89,97,139,43,18,26,3009,NULL,NULL,NULL,NULL,NULL
"Trevoh Chalobah","Chelsea",16.1,"DF",3,1,1,7,109,3,54,3,60,74,65,35,11,1425,NULL,NULL,NULL,NULL,NULL
"Trézéguet","Aston Villa",0.1,"FW",0,0,0,0,0,0,1,0,0,0,0,0,1,9,NULL,NULL,NULL,NULL,NULL
"Troy Deeney","Watford",0.3,"FW",0,0,0,1,1,0,1,1,2,0,3,4,0,11,NULL,NULL,NULL,NULL,NULL
"Tyler Morton","Liverpool",0.7,"MF",0,0,0,1,7,0,3,0,4,2,0,3,0,39,NULL,NULL,NULL,NULL,NULL
"Tyler Onyango","Everton",0.3,"MFFW",0,0,0,0,0,0,0,0,2,1,0,1,1,5,NULL,NULL,NULL,NULL,NULL
"Tyler Roberts","Leeds United",11,"MFFW",1,1,1,28,58,16,24,15,44,24,8,10,9,435,NULL,NULL,NULL,NULL,NULL
"Tyrick Mitchell","Crystal Palace",34.5,"DF",0,2,5,41,227,56,132,20,217,211,85,33,15,2290,NULL,NULL,NULL,NULL,NULL
"Tyrone Mings","Aston Villa",35.4,"DF",1,3,4,26,162,4,75,10,66,169,181,95,9,1960,NULL,NULL,NULL,NULL,NULL
"Valentino Livramento","Southampton",24.5,"DF",1,1,2,40,146,55,80,19,110,148,49,27,32,1466,NULL,NULL,NULL,NULL,NULL
"Vicente Guaita","Crystal Palace",29.5,"GK",0,0,0,1,84,0,0,0,0,0,0,0,0,1038,83,11,165,16,17
"Victor Lindelöf","Manchester Utd",26.2,"DF",0,2,3,10,152,0,59,3,58,103,120,63,0,1529,NULL,NULL,NULL,NULL,NULL
"Virgil van Dijk","Liverpool",34,"DF",3,1,6,24,217,0,104,6,44,90,135,135,3,2802,NULL,NULL,NULL,NULL,NULL
"Vitaliy Mykolenko","Everton",11.7,"DF",1,0,3,14,56,27,23,8,43,73,31,13,5,610,NULL,NULL,NULL,NULL,NULL
"Vitaly Janelt","Brentford",25.5,"MF",4,0,4,53,140,23,96,20,145,122,34,38,17,1255,NULL,NULL,NULL,NULL,NULL
"Vladimír Coufal","West Ham",24.5,"DF",0,4,7,46,146,80,105,20,79,106,74,40,13,1668,NULL,NULL,NULL,NULL,NULL
"Wayne Hennessey","Burnley",2,"GK",0,0,0,3,1,0,0,3,0,0,0,0,0,87,7,0,26,1,3
"Wesley Fofana","Leicester City",7,"DF",0,0,0,4,57,0,15,2,22,27,28,23,2,569,NULL,NULL,NULL,NULL,NULL
"Wesley Moraes","Aston Villa",0,"FW",0,0,0,0,2,0,1,0,1,0,0,2,0,4,NULL,NULL,NULL,NULL,NULL
"Wilfred Ndidi","Leicester City",18,"MFDF",0,0,2,14,165,2,52,0,137,124,69,56,7,1180,NULL,NULL,NULL,NULL,NULL
"Wilfried Zaha","Crystal Palace",30.7,"FW",14,1,12,104,225,49,116,44,174,86,4,19,73,1533,NULL,NULL,NULL,NULL,NULL
"Will Hughes","Crystal Palace",11.7,"MF",0,1,3,20,84,9,24,8,57,61,14,19,6,649,NULL,NULL,NULL,NULL,NULL
"William Smallbone","Southampton",1.5,"MFFW",0,0,0,1,13,1,1,1,13,10,2,2,0,55,NULL,NULL,NULL,NULL,NULL
"William Troost-Ekong","Watford",15.4,"DF",0,0,0,4,57,1,31,1,38,62,88,32,1,708,NULL,NULL,NULL,NULL,NULL
"Willy Boly","Wolves",10,"DF",0,0,0,2,51,0,15,1,43,62,39,26,4,649,NULL,NULL,NULL,NULL,NULL
"Willy Caballero","Southampton",2,"GK",0,0,0,0,1,0,0,0,0,0,1,0,0,68,6,0,20,1,4
"Wout Weghorst","Burnley",16.1,"FW",2,3,5,28,136,8,19,12,133,50,12,66,14,640,NULL,NULL,NULL,NULL,NULL
"Yan Valery","Southampton",4.1,"DF",0,0,0,1,24,2,8,1,20,29,21,15,0,211,NULL,NULL,NULL,NULL,NULL
"Yerry Mina","Everton",9.4,"DF",0,0,0,3,69,2,12,0,30,41,47,38,0,459,NULL,NULL,NULL,NULL,NULL
"Yoane Wissa","Brentford",14.3,"FWMF",7,1,4,19,58,12,25,8,54,33,8,26,17,426,NULL,NULL,NULL,NULL,NULL
"Youri Tielemans","Leicester City",29.2,"MF",6,4,12,84,320,24,164,40,146,137,42,30,17,2084,NULL,NULL,NULL,NULL,NULL
"Yves Bissouma","Brighton",23.5,"MF",1,2,4,24,159,5,52,8,149,148,51,21,31,1484,NULL,NULL,NULL,NULL,NULL
"Zack Steffen","Manchester City",1,"GK",0,0,0,0,5,0,0,0,0,0,0,0,0,41,2,1,4,0,2
